timestamp,temperature_c,pressure_hpa,humidity_pct,station_id,station_name,cluster_id,role,is_anomaly,fault_type
2025-01-01 00:00:00,25.0,1013.4,73.0,AWS-MUM-101,Thane,MUM,neighbor,False,
2025-01-01 01:00:00,24.6,1012.9,74.0,AWS-MUM-101,Thane,MUM,neighbor,False,
2025-01-01 02:00:00,24.4,1012.3,73.0,AWS-MUM-101,Thane,MUM,neighbor,False,
2025-01-01 03:00:00,23.9,1011.8,74.0,AWS-MUM-101,Thane,MUM,neighbor,False,
2025-01-01 04:00:00,23.0,1011.6,77.0,AWS-MUM-101,Thane,MUM,neighbor,False,
2025-01-01 05:00:00,22.2,1011.9,81.0,AWS-MUM-101,Thane,MUM,neighbor,False,
2025-01-01 06:00:00,21.2,1012.5,88.0,AWS-MUM-101,Thane,MUM,neighbor,False,
2025-01-01 07:00:00,20.9,1013.0,88.0,AWS-MUM-101,Thane,MUM,neighbor,False,
2025-01-01 08:00:00,22.2,1013.9,80.0,AWS-MUM-101,Thane,MUM,neighbor,False,
2025-01-01 09:00:00,25.0,1014.6,64.0,AWS-MUM-101,Thane,MUM,neighbor,False,
2025-01-01 10:00:00,28.0,1014.7,51.0,AWS-MUM-101,Thane,MUM,neighbor,False,
2025-01-01 11:00:00,30.4,1014.2,43.0,AWS-MUM-101,Thane,MUM,neighbor,False,
2025-01-01 12:00:00,32.2,1013.3,37.0,AWS-MUM-101,Thane,MUM,neighbor,False,
2025-01-01 13:00:00,33.3,1011.7,31.0,AWS-MUM-101,Thane,MUM,neighbor,False,
2025-01-01 14:00:00,33.8,1010.7,30.0,AWS-MUM-101,Thane,MUM,neighbor,False,
2025-01-01 15:00:00,33.8,1009.8,30.0,AWS-MUM-101,Thane,MUM,neighbor,False,
2025-01-01 16:00:00,33.0,1009.6,33.0,AWS-MUM-101,Thane,MUM,neighbor,False,
2025-01-01 17:00:00,30.5,1009.8,47.0,AWS-MUM-101,Thane,MUM,neighbor,False,
2025-01-01 18:00:00,28.1,1010.5,59.0,AWS-MUM-101,Thane,MUM,neighbor,False,
2025-01-01 19:00:00,27.2,1011.2,60.0,AWS-MUM-101,Thane,MUM,neighbor,False,
2025-01-01 20:00:00,26.9,1012.2,60.0,AWS-MUM-101,Thane,MUM,neighbor,False,
2025-01-01 21:00:00,26.5,1012.8,60.0,AWS-MUM-101,Thane,MUM,neighbor,False,
2025-01-01 22:00:00,25.9,1013.2,175.1496304444458,AWS-MUM-101,Thane,MUM,neighbor,True,spike
2025-01-01 23:00:00,25.2,1013.1,65.0,AWS-MUM-101,Thane,MUM,neighbor,False,
2025-01-02 00:00:00,24.0,1012.8,71.0,AWS-MUM-101,Thane,MUM,neighbor,False,
2025-01-02 01:00:00,23.2,1012.5,76.0,AWS-MUM-101,Thane,MUM,neighbor,False,
2025-01-02 02:00:00,49.48085213163807,1011.4989828184176,148.6589818525013,AWS-MUM-101,Thane,MUM,neighbor,True,multivariate_inconsistency
2025-01-02 03:00:00,48.78085213163808,1011.6832339959742,152.6589818525013,AWS-MUM-101,Thane,MUM,neighbor,True,multivariate_inconsistency
2025-01-02 04:00:00,48.180852131638076,1011.4282291003302,155.6589818525013,AWS-MUM-101,Thane,MUM,neighbor,True,multivariate_inconsistency
2025-01-02 05:00:00,20.5,1011.7,91.0,AWS-MUM-101,Thane,MUM,neighbor,False,
2025-01-02 06:00:00,20.0,1012.2,92.0,AWS-MUM-101,Thane,MUM,neighbor,False,
2025-01-02 07:00:00,19.8,1012.8,93.0,AWS-MUM-101,Thane,MUM,neighbor,False,
2025-01-02 08:00:00,21.2,1013.7,82.0,AWS-MUM-101,Thane,MUM,neighbor,False,
2025-01-02 09:00:00,24.0,1014.4,68.0,AWS-MUM-101,Thane,MUM,neighbor,False,
2025-01-02 10:00:00,27.2,1014.5,54.0,AWS-MUM-101,Thane,MUM,neighbor,False,
2025-01-02 11:00:00,29.9,1013.8,43.0,AWS-MUM-101,Thane,MUM,neighbor,False,
2025-01-02 12:00:00,32.1,1012.9,35.0,AWS-MUM-101,Thane,MUM,neighbor,False,
2025-01-02 13:00:00,33.5,1011.6,29.0,AWS-MUM-101,Thane,MUM,neighbor,False,
2025-01-02 14:00:00,34.3,1010.6,25.0,AWS-MUM-101,Thane,MUM,neighbor,False,
2025-01-02 15:00:00,34.5,1010.0,24.0,AWS-MUM-101,Thane,MUM,neighbor,False,
2025-01-02 16:00:00,34.0,1009.9,25.0,AWS-MUM-101,Thane,MUM,neighbor,False,
2025-01-02 17:00:00,31.7,1010.2,36.0,AWS-MUM-101,Thane,MUM,neighbor,False,
2025-01-02 18:00:00,28.9,1010.7,48.0,AWS-MUM-101,Thane,MUM,neighbor,False,
2025-01-02 19:00:00,27.6,1011.6,51.0,AWS-MUM-101,Thane,MUM,neighbor,False,
2025-01-02 20:00:00,27.3,1012.4,52.0,AWS-MUM-101,Thane,MUM,neighbor,False,
2025-01-02 21:00:00,26.7,1012.9,57.0,AWS-MUM-101,Thane,MUM,neighbor,False,
2025-01-02 22:00:00,25.9,1013.1,59.0,AWS-MUM-101,Thane,MUM,neighbor,False,
2025-01-02 23:00:00,24.5,1013.2,65.0,AWS-MUM-101,Thane,MUM,neighbor,False,
2025-01-03 00:00:00,23.3,1013.1,70.0,AWS-MUM-101,Thane,MUM,neighbor,False,
2025-01-03 01:00:00,22.0,1012.6,76.0,AWS-MUM-101,Thane,MUM,neighbor,False,
2025-01-03 02:00:00,21.3,1012.1,76.0,AWS-MUM-101,Thane,MUM,neighbor,False,
2025-01-03 03:00:00,20.6,1011.8,76.0,AWS-MUM-101,Thane,MUM,neighbor,False,
2025-01-03 04:00:00,20.0,1011.7,76.0,AWS-MUM-101,Thane,MUM,neighbor,False,
2025-01-03 05:00:00,19.6,1012.0,77.0,AWS-MUM-101,Thane,MUM,neighbor,False,
2025-01-03 06:00:00,19.6,1012.9,76.0,AWS-MUM-101,Thane,MUM,neighbor,False,
2025-01-03 07:00:00,19.4,1013.7,77.0,AWS-MUM-101,Thane,MUM,neighbor,False,
2025-01-03 08:00:00,20.6,1014.5,73.0,AWS-MUM-101,Thane,MUM,neighbor,False,
2025-01-03 09:00:00,23.4,1015.0964655006278,62.0,AWS-MUM-101,Thane,MUM,neighbor,True,frozen_value
2025-01-03 10:00:00,27.0,1015.1192009650036,48.0,AWS-MUM-101,Thane,MUM,neighbor,True,frozen_value
2025-01-03 11:00:00,30.1,1015.0908633756022,35.0,AWS-MUM-101,Thane,MUM,neighbor,True,frozen_value
2025-01-03 12:00:00,32.1,1015.0460414859824,29.0,AWS-MUM-101,Thane,MUM,neighbor,True,frozen_value
2025-01-03 13:00:00,33.4,1015.0798878828531,25.0,AWS-MUM-101,Thane,MUM,neighbor,True,frozen_value
2025-01-03 14:00:00,34.1,1015.0798983617959,22.0,AWS-MUM-101,Thane,MUM,neighbor,True,frozen_value
2025-01-03 15:00:00,34.3,1015.0576620967402,22.0,AWS-MUM-101,Thane,MUM,neighbor,True,frozen_value
2025-01-03 16:00:00,33.9,1009.7,21.0,AWS-MUM-101,Thane,MUM,neighbor,False,
2025-01-03 17:00:00,32.3,1009.8,25.0,AWS-MUM-101,Thane,MUM,neighbor,False,
2025-01-03 18:00:00,30.5,1010.1,28.0,AWS-MUM-101,Thane,MUM,neighbor,False,
2025-01-03 19:00:00,27.0,1011.1,51.0,AWS-MUM-101,Thane,MUM,neighbor,False,
2025-01-03 20:00:00,25.7,1011.7,56.0,AWS-MUM-101,Thane,MUM,neighbor,False,
2025-01-03 21:00:00,25.4,1011.8,54.0,AWS-MUM-101,Thane,MUM,neighbor,False,
2025-01-03 22:00:00,24.1,1012.0,55.0,AWS-MUM-101,Thane,MUM,neighbor,False,
2025-01-03 23:00:00,22.7,1011.7,60.0,AWS-MUM-101,Thane,MUM,neighbor,False,
2025-01-04 00:00:00,21.7,1011.3,63.0,AWS-MUM-101,Thane,MUM,neighbor,False,
2025-01-04 01:00:00,21.0,1011.0,62.0,AWS-MUM-101,Thane,MUM,neighbor,False,
2025-01-04 02:00:00,20.2,1010.6,63.0,AWS-MUM-101,Thane,MUM,neighbor,False,
2025-01-04 03:00:00,19.5,1010.2,65.0,AWS-MUM-101,Thane,MUM,neighbor,False,
2025-01-04 04:00:00,18.7,1010.5,68.0,AWS-MUM-101,Thane,MUM,neighbor,False,
2025-01-04 05:00:00,18.0,1010.7,70.0,AWS-MUM-101,Thane,MUM,neighbor,False,
2025-01-04 06:00:00,17.7,1011.7,72.0,AWS-MUM-101,Thane,MUM,neighbor,False,
2025-01-04 07:00:00,17.4,1012.3,71.0,AWS-MUM-101,Thane,MUM,neighbor,False,
2025-01-04 08:00:00,18.6,1012.9,68.0,AWS-MUM-101,Thane,MUM,neighbor,False,
2025-01-04 09:00:00,21.5,1013.5,55.0,AWS-MUM-101,Thane,MUM,neighbor,False,
2025-01-04 10:00:00,25.5,1013.4,40.0,AWS-MUM-101,Thane,MUM,neighbor,False,
2025-01-04 11:00:00,29.2,1012.7,27.0,AWS-MUM-101,Thane,MUM,neighbor,False,
2025-01-04 12:00:00,31.7,1011.5,21.0,AWS-MUM-101,Thane,MUM,neighbor,False,
2025-01-04 13:00:00,33.2,1010.2,19.0,AWS-MUM-101,Thane,MUM,neighbor,False,
2025-01-04 14:00:00,34.3,1009.2,17.0,AWS-MUM-101,Thane,MUM,neighbor,False,
2025-01-04 15:00:00,33.9,1008.6,17.0,AWS-MUM-101,Thane,MUM,neighbor,False,
2025-01-04 16:00:00,32.0,1008.7,25.0,AWS-MUM-101,Thane,MUM,neighbor,False,
2025-01-04 17:00:00,29.3,1009.2,34.0,AWS-MUM-101,Thane,MUM,neighbor,False,
2025-01-04 18:00:00,26.9,1009.9,45.0,AWS-MUM-101,Thane,MUM,neighbor,False,
2025-01-04 19:00:00,25.5,1010.8,53.0,AWS-MUM-101,Thane,MUM,neighbor,False,
2025-01-04 20:00:00,24.2,1011.6,60.0,AWS-MUM-101,Thane,MUM,neighbor,False,
2025-01-04 21:00:00,23.0,1012.0,65.0,AWS-MUM-101,Thane,MUM,neighbor,False,
2025-01-04 22:00:00,21.8,1012.0,72.0,AWS-MUM-101,Thane,MUM,neighbor,False,
2025-01-04 23:00:00,21.4,1011.6,75.0,AWS-MUM-101,Thane,MUM,neighbor,False,
2025-01-05 00:00:00,20.1,1011.3,82.0,AWS-MUM-101,Thane,MUM,neighbor,False,
2025-01-05 01:00:00,19.3,1010.7,87.0,AWS-MUM-101,Thane,MUM,neighbor,False,
2025-01-05 02:00:00,19.0,1010.4,87.0,AWS-MUM-101,Thane,MUM,neighbor,False,
2025-01-05 03:00:00,18.8,1009.9,85.0,AWS-MUM-101,Thane,MUM,neighbor,False,
2025-01-05 04:00:00,18.7,1010.1,81.0,AWS-MUM-101,Thane,MUM,neighbor,False,
2025-01-05 05:00:00,18.4,1010.4,80.0,AWS-MUM-101,Thane,MUM,neighbor,False,
2025-01-05 06:00:00,19.3,1010.9,73.0,AWS-MUM-101,Thane,MUM,neighbor,False,
2025-01-05 07:00:00,19.2,1011.6,72.0,AWS-MUM-101,Thane,MUM,neighbor,False,
2025-01-05 08:00:00,20.4,1012.5,70.0,AWS-MUM-101,Thane,MUM,neighbor,False,
2025-01-05 09:00:00,22.8,1013.0,62.0,AWS-MUM-101,Thane,MUM,neighbor,False,
2025-01-05 10:00:00,25.6,1013.0,50.0,AWS-MUM-101,Thane,MUM,neighbor,False,
2025-01-05 11:00:00,27.6,1012.3,43.0,AWS-MUM-101,Thane,MUM,neighbor,False,
2025-01-05 12:00:00,29.0,,38.0,AWS-MUM-101,Thane,MUM,neighbor,True,dropout
2025-01-05 13:00:00,31.4,,30.0,AWS-MUM-101,Thane,MUM,neighbor,True,dropout
2025-01-05 14:00:00,31.7,1009.2,29.0,AWS-MUM-101,Thane,MUM,neighbor,False,
2025-01-05 15:00:00,31.5,1008.6,30.0,AWS-MUM-101,Thane,MUM,neighbor,False,
2025-01-05 16:00:00,30.1,1008.5,40.0,AWS-MUM-101,Thane,MUM,neighbor,False,
2025-01-05 17:00:00,27.4,1009.0,58.0,AWS-MUM-101,Thane,MUM,neighbor,False,
2025-01-05 18:00:00,25.8,1009.8,62.0,AWS-MUM-101,Thane,MUM,neighbor,False,
2025-01-05 19:00:00,24.9,1010.8,65.0,AWS-MUM-101,Thane,MUM,neighbor,False,
2025-01-05 20:00:00,24.3,1011.5,67.0,AWS-MUM-101,Thane,MUM,neighbor,False,
2025-01-05 21:00:00,24.0,1012.3,68.0,AWS-MUM-101,Thane,MUM,neighbor,False,
2025-01-05 22:00:00,23.7,1012.4,65.0,AWS-MUM-101,Thane,MUM,neighbor,False,
2025-01-05 23:00:00,23.2,1012.0,62.0,AWS-MUM-101,Thane,MUM,neighbor,False,
2025-01-06 00:00:00,22.2,1011.6,64.0,AWS-MUM-101,Thane,MUM,neighbor,False,
2025-01-06 01:00:00,21.1,1011.3,69.0,AWS-MUM-101,Thane,MUM,neighbor,False,
2025-01-06 02:00:00,20.5,1010.9,73.0,AWS-MUM-101,Thane,MUM,neighbor,False,
2025-01-06 03:00:00,20.0,1010.5,76.0,AWS-MUM-101,Thane,MUM,neighbor,False,
2025-01-06 04:00:00,19.5,1010.4,78.0,AWS-MUM-101,Thane,MUM,neighbor,False,
2025-01-06 05:00:00,19.1,1010.7,77.0,AWS-MUM-101,Thane,MUM,neighbor,False,
2025-01-06 06:00:00,18.3,1011.4,80.0,AWS-MUM-101,Thane,MUM,neighbor,False,
2025-01-06 07:00:00,18.3,1012.0,80.0,AWS-MUM-101,Thane,MUM,neighbor,False,
2025-01-06 08:00:00,19.8,1012.8,74.0,AWS-MUM-101,Thane,MUM,neighbor,False,
2025-01-06 09:00:00,22.5,1013.6,61.0,AWS-MUM-101,Thane,MUM,neighbor,False,
2025-01-06 10:00:00,25.2,1013.5,51.0,AWS-MUM-101,Thane,MUM,neighbor,False,
2025-01-06 11:00:00,27.8,1012.8,42.0,AWS-MUM-101,Thane,MUM,neighbor,False,
2025-01-06 12:00:00,29.6,1011.7,35.0,AWS-MUM-101,Thane,MUM,neighbor,False,
2025-01-06 13:00:00,30.7,1010.5,31.0,AWS-MUM-101,Thane,MUM,neighbor,False,
2025-01-06 14:00:00,31.2,1009.8,29.0,AWS-MUM-101,Thane,MUM,neighbor,False,
2025-01-06 15:00:00,31.1,1009.1,28.0,AWS-MUM-101,Thane,MUM,neighbor,False,
2025-01-06 16:00:00,30.4,1009.0,29.0,AWS-MUM-101,Thane,MUM,neighbor,False,
2025-01-06 17:00:00,28.8,1009.2,34.0,AWS-MUM-101,Thane,MUM,neighbor,False,
2025-01-06 18:00:00,26.0,1009.8,47.0,AWS-MUM-101,Thane,MUM,neighbor,False,
2025-01-06 19:00:00,24.1,1010.8,56.0,AWS-MUM-101,Thane,MUM,neighbor,False,
2025-01-06 20:00:00,-6.928941642032932,1011.8,59.0,AWS-MUM-101,Thane,MUM,neighbor,True,spike
2025-01-06 21:00:00,21.9,1012.4,61.0,AWS-MUM-101,Thane,MUM,neighbor,False,
2025-01-06 22:00:00,21.3,1012.7,62.0,AWS-MUM-101,Thane,MUM,neighbor,False,
2025-01-06 23:00:00,20.7,1012.3,62.0,AWS-MUM-101,Thane,MUM,neighbor,False,
2025-01-07 00:00:00,20.2,1011.9,59.0,AWS-MUM-101,Thane,MUM,neighbor,False,
2025-01-07 01:00:00,19.6,1011.6,61.0,AWS-MUM-101,Thane,MUM,neighbor,False,
2025-01-07 02:00:00,-6.001565238173779,1011.2,64.0,AWS-MUM-101,Thane,MUM,neighbor,True,spike
2025-01-07 03:00:00,18.3,1011.2,68.0,AWS-MUM-101,Thane,MUM,neighbor,False,
2025-01-07 04:00:00,18.0,1011.0,69.0,AWS-MUM-101,Thane,MUM,neighbor,False,
2025-01-07 05:00:00,17.6,1011.3,71.0,AWS-MUM-101,Thane,MUM,neighbor,False,
2025-01-07 06:00:00,17.3,1012.0,76.0,AWS-MUM-101,Thane,MUM,neighbor,False,
2025-01-07 07:00:00,17.1,1012.5,79.0,AWS-MUM-101,Thane,MUM,neighbor,False,
2025-01-07 08:00:00,18.5,1013.4,75.0,AWS-MUM-101,Thane,MUM,neighbor,False,
2025-01-07 09:00:00,21.7,1013.8,61.0,AWS-MUM-101,Thane,MUM,neighbor,False,
2025-01-07 10:00:00,25.3,1013.7,50.0,AWS-MUM-101,Thane,MUM,neighbor,False,
2025-01-07 11:00:00,28.3,1012.9,41.0,AWS-MUM-101,Thane,MUM,neighbor,False,
2025-01-07 12:00:00,30.6,1011.5,34.0,AWS-MUM-101,Thane,MUM,neighbor,False,
2025-01-07 13:00:00,32.0,1010.0,29.0,AWS-MUM-101,Thane,MUM,neighbor,False,
2025-01-07 14:00:00,32.9,1008.9,26.0,AWS-MUM-101,Thane,MUM,neighbor,False,
2025-01-07 15:00:00,33.1,1008.2,23.0,AWS-MUM-101,Thane,MUM,neighbor,False,
2025-01-07 16:00:00,32.9,1008.0,22.0,AWS-MUM-101,Thane,MUM,neighbor,False,
2025-01-07 17:00:00,31.9,1008.2,24.0,AWS-MUM-101,Thane,MUM,neighbor,False,
2025-01-07 18:00:00,29.8,1008.8,32.0,AWS-MUM-101,Thane,MUM,neighbor,False,
2025-01-07 19:00:00,28.2,1009.7,36.0,AWS-MUM-101,Thane,MUM,neighbor,False,
2025-01-07 20:00:00,26.0,1010.7,47.0,AWS-MUM-101,Thane,MUM,neighbor,False,
2025-01-07 21:00:00,24.7,1011.1,51.0,AWS-MUM-101,Thane,MUM,neighbor,False,
2025-01-07 22:00:00,24.0,1010.9,54.0,AWS-MUM-101,Thane,MUM,neighbor,False,
2025-01-07 23:00:00,23.3,1010.8,58.0,AWS-MUM-101,Thane,MUM,neighbor,False,
2025-01-08 00:00:00,22.7,1010.7,61.0,AWS-MUM-101,Thane,MUM,neighbor,False,
2025-01-08 01:00:00,22.0,1010.4,64.0,AWS-MUM-101,Thane,MUM,neighbor,False,
2025-01-08 02:00:00,21.4,1009.7,66.0,AWS-MUM-101,Thane,MUM,neighbor,False,
2025-01-08 03:00:00,20.9,1009.4,69.0,AWS-MUM-101,Thane,MUM,neighbor,False,
2025-01-08 04:00:00,20.3,1009.3,71.0,AWS-MUM-101,Thane,MUM,neighbor,False,
2025-01-08 05:00:00,19.8,1009.7,73.0,AWS-MUM-101,Thane,MUM,neighbor,False,
2025-01-08 06:00:00,19.3,1010.6,75.0,AWS-MUM-101,Thane,MUM,neighbor,False,
2025-01-08 07:00:00,18.9,1011.5,77.0,AWS-MUM-101,Thane,MUM,neighbor,False,
2025-01-08 08:00:00,20.1,1012.6,71.0,AWS-MUM-101,Thane,MUM,neighbor,False,
2025-01-08 09:00:00,22.7,1013.3,60.0,AWS-MUM-101,Thane,MUM,neighbor,False,
2025-01-08 10:00:00,26.2,1013.3,47.0,AWS-MUM-101,Thane,MUM,neighbor,False,
2025-01-08 11:00:00,29.2,1012.5,38.0,AWS-MUM-101,Thane,MUM,neighbor,False,
2025-01-08 12:00:00,31.4,1011.4,32.0,AWS-MUM-101,Thane,MUM,neighbor,False,
2025-01-08 13:00:00,32.9,1010.1,26.0,AWS-MUM-101,Thane,MUM,neighbor,False,
2025-01-08 14:00:00,33.2,1009.1,25.0,AWS-MUM-101,Thane,MUM,neighbor,False,
2025-01-08 15:00:00,33.0,1008.5,26.0,AWS-MUM-101,Thane,MUM,neighbor,False,
2025-01-08 16:00:00,31.8,1008.4,31.0,AWS-MUM-101,Thane,MUM,neighbor,False,
2025-01-08 17:00:00,29.8,1008.7,41.0,AWS-MUM-101,Thane,MUM,neighbor,False,
2025-01-08 18:00:00,28.1,1009.2,47.0,AWS-MUM-101,Thane,MUM,neighbor,False,
2025-01-08 19:00:00,26.6,1010.0,54.0,AWS-MUM-101,Thane,MUM,neighbor,False,
2025-01-08 20:00:00,26.0,1010.7,53.0,AWS-MUM-101,Thane,MUM,neighbor,False,
2025-01-08 21:00:00,25.6,1011.1,48.0,AWS-MUM-101,Thane,MUM,neighbor,False,
2025-01-08 22:00:00,24.8,1011.2,46.0,AWS-MUM-101,Thane,MUM,neighbor,False,
2025-01-08 23:00:00,23.8,1011.1,47.0,AWS-MUM-101,Thane,MUM,neighbor,False,
2025-01-09 00:00:00,22.5,1010.9,54.0,AWS-MUM-101,Thane,MUM,neighbor,False,
2025-01-09 01:00:00,21.4,1010.6,59.0,AWS-MUM-101,Thane,MUM,neighbor,False,
2025-01-09 02:00:00,20.541871700322375,1010.3,63.0,AWS-MUM-101,Thane,MUM,neighbor,True,drift
2025-01-09 03:00:00,19.704793911328295,1010.0,65.0,AWS-MUM-101,Thane,MUM,neighbor,True,drift
2025-01-09 04:00:00,19.298334089436437,1009.9,68.0,AWS-MUM-101,Thane,MUM,neighbor,True,drift
2025-01-09 05:00:00,18.98893402642234,1010.2,69.0,AWS-MUM-101,Thane,MUM,neighbor,True,drift
2025-01-09 06:00:00,18.90542181627938,1011.3,69.0,AWS-MUM-101,Thane,MUM,neighbor,True,drift
2025-01-09 07:00:00,18.81708464187529,1011.9,67.0,AWS-MUM-101,Thane,MUM,neighbor,True,drift
2025-01-09 08:00:00,19.9114488438891,1012.7,62.0,AWS-MUM-101,Thane,MUM,neighbor,True,drift
2025-01-09 09:00:00,23.621159041047278,1013.3,51.0,AWS-MUM-101,Thane,MUM,neighbor,True,drift
2025-01-09 10:00:00,27.431060675156687,1013.3,38.0,AWS-MUM-101,Thane,MUM,neighbor,True,drift
2025-01-09 11:00:00,30.01941766565163,1012.5,31.0,AWS-MUM-101,Thane,MUM,neighbor,True,drift
2025-01-09 12:00:00,32.526960502071866,1011.3,27.0,AWS-MUM-101,Thane,MUM,neighbor,True,drift
2025-01-09 13:00:00,33.850222664502574,1010.2,24.0,AWS-MUM-101,Thane,MUM,neighbor,True,drift
2025-01-09 14:00:00,34.656155493243,1009.1,23.0,AWS-MUM-101,Thane,MUM,neighbor,True,drift
2025-01-09 15:00:00,34.883718583348816,1008.4,23.0,AWS-MUM-101,Thane,MUM,neighbor,True,drift
2025-01-09 16:00:00,34.83093060584067,1008.4,23.0,AWS-MUM-101,Thane,MUM,neighbor,True,drift
2025-01-09 17:00:00,33.93141719780089,1009.0,26.0,AWS-MUM-101,Thane,MUM,neighbor,True,drift
2025-01-09 18:00:00,31.060376424202005,1010.2,34.0,AWS-MUM-101,Thane,MUM,neighbor,True,drift
2025-01-09 19:00:00,28.868059410810176,1011.0,51.0,AWS-MUM-101,Thane,MUM,neighbor,True,drift
2025-01-09 20:00:00,28.437083004402393,1012.0,51.0,AWS-MUM-101,Thane,MUM,neighbor,True,drift
2025-01-09 21:00:00,27.79278632424297,1013.0,55.0,AWS-MUM-101,Thane,MUM,neighbor,True,drift
2025-01-09 22:00:00,27.096588080725805,1013.4,59.0,AWS-MUM-101,Thane,MUM,neighbor,True,drift
2025-01-09 23:00:00,26.41686545689536,1013.1,64.0,AWS-MUM-101,Thane,MUM,neighbor,True,drift
2025-01-10 00:00:00,25.672918876335377,1012.4,68.0,AWS-MUM-101,Thane,MUM,neighbor,True,drift
2025-01-10 01:00:00,25.575061490539458,1011.9,70.0,AWS-MUM-101,Thane,MUM,neighbor,True,drift
2025-01-10 02:00:00,25.437945576481606,1011.4,72.0,AWS-MUM-101,Thane,MUM,neighbor,True,drift
2025-01-10 03:00:00,25.15075896884205,1011.0,73.0,AWS-MUM-101,Thane,MUM,neighbor,True,drift
2025-01-10 04:00:00,25.204482351157544,1011.0,73.0,AWS-MUM-101,Thane,MUM,neighbor,True,drift
2025-01-10 05:00:00,25.367665649228783,1011.2,73.0,AWS-MUM-101,Thane,MUM,neighbor,True,drift
2025-01-10 06:00:00,25.74066636575058,1012.4,75.0,AWS-MUM-101,Thane,MUM,neighbor,True,drift
2025-01-10 07:00:00,25.87234381337342,1013.0,74.0,AWS-MUM-101,Thane,MUM,neighbor,True,drift
2025-01-10 08:00:00,60.910159061621115,1013.9,67.0,AWS-MUM-101,Thane,MUM,neighbor,True,drift
2025-01-10 09:00:00,31.458711291041173,1014.6,53.0,AWS-MUM-101,Thane,MUM,neighbor,True,drift
2025-01-10 10:00:00,35.54117426870365,1014.7,39.0,AWS-MUM-101,Thane,MUM,neighbor,True,drift
2025-01-10 11:00:00,38.87226292881923,1014.2,33.0,AWS-MUM-101,Thane,MUM,neighbor,True,drift
2025-01-10 12:00:00,41.151160612682325,1012.9,30.0,AWS-MUM-101,Thane,MUM,neighbor,True,drift
2025-01-10 13:00:00,43.24514219910422,1011.8,26.0,AWS-MUM-101,Thane,MUM,neighbor,True,drift
2025-01-10 14:00:00,44.26093743921351,1010.9,25.0,AWS-MUM-101,Thane,MUM,neighbor,True,drift
2025-01-10 15:00:00,44.78560153384747,1010.5,26.0,AWS-MUM-101,Thane,MUM,neighbor,True,drift
2025-01-10 16:00:00,43.858097487764304,1010.3,28.0,AWS-MUM-101,Thane,MUM,neighbor,True,drift
2025-01-10 17:00:00,29.4,1010.7,33.0,AWS-MUM-101,Thane,MUM,neighbor,False,
2025-01-10 18:00:00,27.1,1011.1,42.0,AWS-MUM-101,Thane,MUM,neighbor,False,
2025-01-10 19:00:00,25.7,1011.9,51.0,AWS-MUM-101,Thane,MUM,neighbor,False,
2025-01-10 20:00:00,24.6,1012.6,60.0,AWS-MUM-101,Thane,MUM,neighbor,False,
2025-01-10 21:00:00,23.9,1013.4,70.0,AWS-MUM-101,Thane,MUM,neighbor,False,
2025-01-10 22:00:00,23.2,1013.8,68.0,AWS-MUM-101,Thane,MUM,neighbor,False,
2025-01-10 23:00:00,22.7,1013.7,65.0,AWS-MUM-101,Thane,MUM,neighbor,False,
2025-01-11 00:00:00,22.0,1013.1,67.0,AWS-MUM-101,Thane,MUM,neighbor,False,
2025-01-11 01:00:00,21.1,1012.8,71.0,AWS-MUM-101,Thane,MUM,neighbor,False,
2025-01-11 02:00:00,20.6,1012.2,72.0,AWS-MUM-101,Thane,MUM,neighbor,False,
2025-01-11 03:00:00,20.0,1011.7,76.0,AWS-MUM-101,Thane,MUM,neighbor,False,
2025-01-11 04:00:00,19.5,1011.8,79.0,AWS-MUM-101,Thane,MUM,neighbor,False,
2025-01-11 05:00:00,19.1,1012.0,83.0,AWS-MUM-101,Thane,MUM,neighbor,False,
2025-01-11 06:00:00,19.2,1012.8,86.0,AWS-MUM-101,Thane,MUM,neighbor,False,
2025-01-11 07:00:00,18.8,1013.4,89.0,AWS-MUM-101,Thane,MUM,neighbor,False,
2025-01-11 08:00:00,20.4,1014.4,78.0,AWS-MUM-101,Thane,MUM,neighbor,False,
2025-01-11 09:00:00,23.6,1015.0,60.0,AWS-MUM-101,Thane,MUM,neighbor,False,
2025-01-11 10:00:00,26.4,1015.0,50.0,AWS-MUM-101,Thane,MUM,neighbor,False,
2025-01-11 11:00:00,28.4,1014.2,41.0,AWS-MUM-101,Thane,MUM,neighbor,False,
2025-01-11 12:00:00,30.0,1012.8,35.0,AWS-MUM-101,Thane,MUM,neighbor,False,
2025-01-11 13:00:00,30.9,1011.6,33.0,AWS-MUM-101,Thane,MUM,neighbor,False,
2025-01-11 14:00:00,31.1,1010.6,34.0,AWS-MUM-101,Thane,MUM,neighbor,False,
2025-01-11 15:00:00,30.5,1010.0,38.0,AWS-MUM-101,Thane,MUM,neighbor,False,
2025-01-11 16:00:00,29.4,1010.2,39.0,AWS-MUM-101,Thane,MUM,neighbor,False,
2025-01-11 17:00:00,27.8,1010.6,41.0,AWS-MUM-101,Thane,MUM,neighbor,False,
2025-01-11 18:00:00,25.9,1011.5,49.0,AWS-MUM-101,Thane,MUM,neighbor,False,
2025-01-11 19:00:00,24.7,1012.1,58.0,AWS-MUM-101,Thane,MUM,neighbor,False,
2025-01-11 20:00:00,23.6,1013.0,64.0,AWS-MUM-101,Thane,MUM,neighbor,False,
2025-01-11 21:00:00,23.0,1013.7,67.0,AWS-MUM-101,Thane,MUM,neighbor,False,
2025-01-11 22:00:00,22.2,1014.1,71.0,AWS-MUM-101,Thane,MUM,neighbor,False,
2025-01-11 23:00:00,21.4,1014.1,76.0,AWS-MUM-101,Thane,MUM,neighbor,False,
2025-01-12 00:00:00,20.6,1013.8,81.0,AWS-MUM-101,Thane,MUM,neighbor,False,
2025-01-12 01:00:00,19.8,1013.5,86.0,AWS-MUM-101,Thane,MUM,neighbor,False,
2025-01-12 02:00:00,19.3,1012.8,-70.92866476369754,AWS-MUM-101,Thane,MUM,neighbor,True,spike
2025-01-12 03:00:00,19.2,1012.4,85.0,AWS-MUM-101,Thane,MUM,neighbor,False,
2025-01-12 04:00:00,19.2,1012.4,83.0,AWS-MUM-101,Thane,MUM,neighbor,False,
2025-01-12 05:00:00,18.9,1012.8,84.0,AWS-MUM-101,Thane,MUM,neighbor,False,
2025-01-12 06:00:00,18.6,1013.4,86.0,AWS-MUM-101,Thane,MUM,neighbor,False,
2025-01-12 07:00:00,18.7,1014.0,84.0,AWS-MUM-101,Thane,MUM,neighbor,False,
2025-01-12 08:00:00,20.3,1014.8,74.0,AWS-MUM-101,Thane,MUM,neighbor,False,
2025-01-12 09:00:00,22.7,1015.2,60.0,AWS-MUM-101,Thane,MUM,neighbor,False,
2025-01-12 10:00:00,25.3,1015.1,50.0,AWS-MUM-101,Thane,MUM,neighbor,False,
2025-01-12 11:00:00,28.1,1014.3,43.0,AWS-MUM-101,Thane,MUM,neighbor,False,
2025-01-12 12:00:00,30.3,1012.9,35.0,AWS-MUM-101,Thane,MUM,neighbor,False,
2025-01-12 13:00:00,31.4,1011.3,32.0,AWS-MUM-101,Thane,MUM,neighbor,False,
2025-01-12 14:00:00,32.0,1010.3,31.0,AWS-MUM-101,Thane,MUM,neighbor,False,
2025-01-12 15:00:00,31.9,1009.4,31.0,AWS-MUM-101,Thane,MUM,neighbor,False,
2025-01-12 16:00:00,31.4,1009.5,32.0,AWS-MUM-101,Thane,MUM,neighbor,False,
2025-01-12 17:00:00,29.7,1009.7,38.0,AWS-MUM-101,Thane,MUM,neighbor,False,
2025-01-12 18:00:00,27.4,1010.7,51.0,AWS-MUM-101,Thane,MUM,neighbor,False,
2025-01-12 19:00:00,26.0,1011.5,55.0,AWS-MUM-101,Thane,MUM,neighbor,False,
2025-01-12 20:00:00,25.1,1012.4,54.0,AWS-MUM-101,Thane,MUM,neighbor,False,
2025-01-12 21:00:00,24.5,1012.9,54.0,AWS-MUM-101,Thane,MUM,neighbor,False,
2025-01-12 22:00:00,24.2,1013.0,52.0,AWS-MUM-101,Thane,MUM,neighbor,False,
2025-01-12 23:00:00,23.6,1012.6,51.0,AWS-MUM-101,Thane,MUM,neighbor,False,
2025-01-13 00:00:00,23.1,1012.2,55.0,AWS-MUM-101,Thane,MUM,neighbor,False,
2025-01-13 01:00:00,22.6,1011.8,61.0,AWS-MUM-101,Thane,MUM,neighbor,False,
2025-01-13 02:00:00,22.0,1011.1,66.0,AWS-MUM-101,Thane,MUM,neighbor,False,
2025-01-13 03:00:00,21.6,1010.7,70.0,AWS-MUM-101,Thane,MUM,neighbor,False,
2025-01-13 04:00:00,21.5,1010.6,72.0,AWS-MUM-101,Thane,MUM,neighbor,False,
2025-01-13 05:00:00,21.4,1010.5,73.0,AWS-MUM-101,Thane,MUM,neighbor,False,
2025-01-13 06:00:00,21.7,1011.5,70.0,AWS-MUM-101,Thane,MUM,neighbor,False,
2025-01-13 07:00:00,21.4,1012.1,72.0,AWS-MUM-101,Thane,MUM,neighbor,False,
2025-01-13 08:00:00,22.7,1012.8,67.0,AWS-MUM-101,Thane,MUM,neighbor,False,
2025-01-13 09:00:00,25.3,1013.1,57.0,AWS-MUM-101,Thane,MUM,neighbor,False,
2025-01-13 10:00:00,27.9,1012.8,49.0,AWS-MUM-101,Thane,MUM,neighbor,False,
2025-01-13 11:00:00,30.2,1011.9,42.0,AWS-MUM-101,Thane,MUM,neighbor,False,
2025-01-13 12:00:00,31.7,1010.7,38.0,AWS-MUM-101,Thane,MUM,neighbor,False,
2025-01-13 13:00:00,33.1,1009.4,33.0,AWS-MUM-101,Thane,MUM,neighbor,False,
2025-01-13 14:00:00,34.1,1008.2,31.0,AWS-MUM-101,Thane,MUM,neighbor,False,
2025-01-13 15:00:00,0.8996933653858292,1007.4,29.0,AWS-MUM-101,Thane,MUM,neighbor,True,spike
2025-01-13 16:00:00,33.7,1007.2,29.0,AWS-MUM-101,Thane,MUM,neighbor,False,
2025-01-13 17:00:00,31.8,1007.7,39.0,AWS-MUM-101,Thane,MUM,neighbor,False,
2025-01-13 18:00:00,29.5,1008.4,48.0,AWS-MUM-101,Thane,MUM,neighbor,False,
2025-01-13 19:00:00,27.9,1009.1,56.0,AWS-MUM-101,Thane,MUM,neighbor,False,
2025-01-13 20:00:00,26.7,1010.2,59.0,AWS-MUM-101,Thane,MUM,neighbor,False,
2025-01-13 21:00:00,25.9,1010.8,56.0,AWS-MUM-101,Thane,MUM,neighbor,False,
2025-01-13 22:00:00,24.9,1010.9,55.0,AWS-MUM-101,Thane,MUM,neighbor,False,
2025-01-13 23:00:00,23.8,1010.9,59.0,AWS-MUM-101,Thane,MUM,neighbor,False,
2025-01-14 00:00:00,22.8,1010.7,64.0,AWS-MUM-101,Thane,MUM,neighbor,False,
2025-01-14 01:00:00,22.1,1010.4,67.0,AWS-MUM-101,Thane,MUM,neighbor,False,
2025-01-14 02:00:00,21.7,1010.0,66.0,AWS-MUM-101,Thane,MUM,neighbor,False,
2025-01-14 03:00:00,21.6,1009.6,66.0,AWS-MUM-101,Thane,MUM,neighbor,False,
2025-01-14 04:00:00,21.4,1009.6,69.0,AWS-MUM-101,Thane,MUM,neighbor,False,
2025-01-14 05:00:00,21.0,1010.1,73.0,AWS-MUM-101,Thane,MUM,neighbor,False,
2025-01-14 06:00:00,20.7,1011.2,77.0,AWS-MUM-101,Thane,MUM,neighbor,False,
2025-01-14 07:00:00,20.4,1011.7,79.0,AWS-MUM-101,Thane,MUM,neighbor,False,
2025-01-14 08:00:00,21.9,1012.4,74.0,AWS-MUM-101,Thane,MUM,neighbor,False,
2025-01-14 09:00:00,24.9,1013.0,61.0,AWS-MUM-101,Thane,MUM,neighbor,False,
2025-01-14 10:00:00,28.3,1012.8,48.0,AWS-MUM-101,Thane,MUM,neighbor,False,
2025-01-14 11:00:00,31.1,1012.0,38.0,AWS-MUM-101,Thane,MUM,neighbor,False,
2025-01-14 12:00:00,33.0,1010.6,33.0,AWS-MUM-101,Thane,MUM,neighbor,False,
2025-01-14 13:00:00,34.5,1009.4,29.0,AWS-MUM-101,Thane,MUM,neighbor,False,
2025-01-14 14:00:00,34.7,1008.5,29.0,AWS-MUM-101,Thane,MUM,neighbor,False,
2025-01-14 15:00:00,33.8,1008.0,30.0,AWS-MUM-101,Thane,MUM,neighbor,False,
2025-01-14 16:00:00,31.6,1008.5,41.0,AWS-MUM-101,Thane,MUM,neighbor,False,
2025-01-14 17:00:00,29.6,1009.0,47.0,AWS-MUM-101,Thane,MUM,neighbor,False,
2025-01-14 18:00:00,27.3,1010.0,58.0,AWS-MUM-101,Thane,MUM,neighbor,False,
2025-01-14 19:00:00,25.7,1010.9,65.0,AWS-MUM-101,Thane,MUM,neighbor,False,
2025-01-14 20:00:00,25.0,1012.1,68.0,AWS-MUM-101,Thane,MUM,neighbor,False,
2025-01-14 21:00:00,24.6,1012.9,69.0,AWS-MUM-101,Thane,MUM,neighbor,False,
2025-01-14 22:00:00,24.1,1013.4,71.0,AWS-MUM-101,Thane,MUM,neighbor,False,
2025-01-14 23:00:00,23.4,1013.1,74.0,AWS-MUM-101,Thane,MUM,neighbor,False,
2025-01-15 00:00:00,22.9,1012.6,77.0,AWS-MUM-101,Thane,MUM,neighbor,False,
2025-01-15 01:00:00,22.7,1012.2,78.0,AWS-MUM-101,Thane,MUM,neighbor,False,
2025-01-15 02:00:00,22.4,1011.5,78.0,AWS-MUM-101,Thane,MUM,neighbor,False,
2025-01-15 03:00:00,22.2,1010.8,79.0,AWS-MUM-101,Thane,MUM,neighbor,False,
2025-01-15 04:00:00,21.9,1010.8,79.0,AWS-MUM-101,Thane,MUM,neighbor,False,
2025-01-15 05:00:00,21.7,1011.0,80.0,AWS-MUM-101,Thane,MUM,neighbor,False,
2025-01-15 06:00:00,21.2,1011.8,84.0,AWS-MUM-101,Thane,MUM,neighbor,False,
2025-01-15 07:00:00,21.1,1012.7,82.0,AWS-MUM-101,Thane,MUM,neighbor,False,
2025-01-15 08:00:00,22.9,1013.3,73.0,AWS-MUM-101,Thane,MUM,neighbor,False,
2025-01-15 09:00:00,25.9,1014.0,60.0,AWS-MUM-101,Thane,MUM,neighbor,False,
2025-01-15 10:00:00,28.3,1014.0,51.0,AWS-MUM-101,Thane,MUM,neighbor,False,
2025-01-15 11:00:00,30.5,1013.2,44.0,AWS-MUM-101,Thane,MUM,neighbor,False,
2025-01-15 12:00:00,32.1,1012.0,40.0,AWS-MUM-101,Thane,MUM,neighbor,False,
2025-01-15 13:00:00,33.1,1011.0,38.0,AWS-MUM-101,Thane,MUM,neighbor,False,
2025-01-15 14:00:00,31.9,1010.3,44.0,AWS-MUM-101,Thane,MUM,neighbor,False,
2025-01-15 15:00:00,30.6,1009.8,47.0,AWS-MUM-101,Thane,MUM,neighbor,False,
2025-01-15 16:00:00,29.6,1009.9,49.0,AWS-MUM-101,Thane,MUM,neighbor,False,
2025-01-15 17:00:00,28.2,1010.3,54.0,AWS-MUM-101,Thane,MUM,neighbor,False,
2025-01-15 18:00:00,26.3,1011.5,62.0,AWS-MUM-101,Thane,MUM,neighbor,False,
2025-01-15 19:00:00,24.8,1012.4,69.0,AWS-MUM-101,Thane,MUM,neighbor,False,
2025-01-15 20:00:00,23.9,1013.5,71.0,AWS-MUM-101,Thane,MUM,neighbor,False,
2025-01-15 21:00:00,23.5,1014.1,72.0,AWS-MUM-101,Thane,MUM,neighbor,False,
2025-01-15 22:00:00,23.1,1014.4,74.0,AWS-MUM-101,Thane,MUM,neighbor,False,
2025-01-15 23:00:00,22.8,1014.3,74.0,AWS-MUM-101,Thane,MUM,neighbor,False,
2025-01-16 00:00:00,22.4,1013.8,76.0,AWS-MUM-101,Thane,MUM,neighbor,False,
2025-01-16 01:00:00,22.0,1013.3,77.0,AWS-MUM-101,Thane,MUM,neighbor,False,
2025-01-16 02:00:00,21.4,1012.7,78.0,AWS-MUM-101,Thane,MUM,neighbor,False,
2025-01-16 03:00:00,20.7,1012.1,81.0,AWS-MUM-101,Thane,MUM,neighbor,False,
2025-01-16 04:00:00,20.2,1011.8,84.0,AWS-MUM-101,Thane,MUM,neighbor,False,
2025-01-16 05:00:00,20.0,1011.8,84.0,AWS-MUM-101,Thane,MUM,neighbor,False,
2025-01-16 06:00:00,19.0,1012.8,91.0,AWS-MUM-101,Thane,MUM,neighbor,False,
2025-01-16 07:00:00,19.0,1013.3,90.0,AWS-MUM-101,Thane,MUM,neighbor,False,
2025-01-16 08:00:00,20.6,1014.1,82.0,AWS-MUM-101,Thane,MUM,neighbor,False,
2025-01-16 09:00:00,23.2,1014.6,69.0,AWS-MUM-101,Thane,MUM,neighbor,False,
2025-01-16 10:00:00,26.2,1014.7,58.0,AWS-MUM-101,Thane,MUM,neighbor,False,
2025-01-16 11:00:00,28.9,1013.8,50.0,AWS-MUM-101,Thane,MUM,neighbor,False,
2025-01-16 12:00:00,30.8,1012.6,43.0,AWS-MUM-101,Thane,MUM,neighbor,False,
2025-01-16 13:00:00,32.1,1011.3,40.0,AWS-MUM-101,Thane,MUM,neighbor,False,
2025-01-16 14:00:00,32.7,1010.4,36.0,AWS-MUM-101,Thane,MUM,neighbor,False,
2025-01-16 15:00:00,32.5,1010.0,37.0,AWS-MUM-101,Thane,MUM,neighbor,False,
2025-01-16 16:00:00,31.4,1010.1,41.0,AWS-MUM-101,Thane,MUM,neighbor,False,
2025-01-16 17:00:00,29.5,1010.8,46.0,AWS-MUM-101,Thane,MUM,neighbor,False,
2025-01-16 18:00:00,26.7,1011.9,61.0,AWS-MUM-101,Thane,MUM,neighbor,False,
2025-01-16 19:00:00,25.7,1012.6,64.0,AWS-MUM-101,Thane,MUM,neighbor,False,
2025-01-16 20:00:00,25.3,1013.6,63.0,AWS-MUM-101,Thane,MUM,neighbor,False,
2025-01-16 21:00:00,24.9,1014.1,62.0,AWS-MUM-101,Thane,MUM,neighbor,False,
2025-01-16 22:00:00,24.5,1014.2,63.0,AWS-MUM-101,Thane,MUM,neighbor,False,
2025-01-16 23:00:00,24.2,1013.9,63.0,AWS-MUM-101,Thane,MUM,neighbor,False,
2025-01-17 00:00:00,23.9,1013.2,63.0,AWS-MUM-101,Thane,MUM,neighbor,False,
2025-01-17 01:00:00,23.5,1012.5,65.0,AWS-MUM-101,Thane,MUM,neighbor,False,
2025-01-17 02:00:00,23.2,1011.9,67.0,AWS-MUM-101,Thane,MUM,neighbor,False,
2025-01-17 03:00:00,22.8,1011.5,69.0,AWS-MUM-101,Thane,MUM,neighbor,False,
2025-01-17 04:00:00,23.0,1011.3,70.0,AWS-MUM-101,Thane,MUM,neighbor,False,
2025-01-17 05:00:00,22.9,1011.2,72.0,AWS-MUM-101,Thane,MUM,neighbor,False,
2025-01-17 06:00:00,22.4,1011.8,75.0,AWS-MUM-101,Thane,MUM,neighbor,False,
2025-01-17 07:00:00,22.1,1012.2,77.0,AWS-MUM-101,Thane,MUM,neighbor,False,
2025-01-17 08:00:00,23.4,1012.8,71.0,AWS-MUM-101,Thane,MUM,neighbor,False,
2025-01-17 09:00:00,25.7,1013.1,61.0,AWS-MUM-101,Thane,MUM,neighbor,False,
2025-01-17 10:00:00,28.8,1012.9,49.0,AWS-MUM-101,Thane,MUM,neighbor,False,
2025-01-17 11:00:00,31.1,1012.3,41.0,AWS-MUM-101,Thane,MUM,neighbor,False,
2025-01-17 12:00:00,32.9,1011.0,35.0,AWS-MUM-101,Thane,MUM,neighbor,False,
2025-01-17 13:00:00,34.2,1009.4,30.0,AWS-MUM-101,Thane,MUM,neighbor,False,
2025-01-17 14:00:00,34.8,1008.2,28.0,AWS-MUM-101,Thane,MUM,neighbor,False,
2025-01-17 15:00:00,34.8,1007.4,27.0,AWS-MUM-101,Thane,MUM,neighbor,False,
2025-01-17 16:00:00,34.3,1007.4,27.0,AWS-MUM-101,Thane,MUM,neighbor,False,
2025-01-17 17:00:00,,1007.9,32.0,AWS-MUM-101,Thane,MUM,neighbor,True,dropout
2025-01-17 18:00:00,30.6,1008.7,36.0,AWS-MUM-101,Thane,MUM,neighbor,False,
2025-01-17 19:00:00,27.8,1009.5,57.0,AWS-MUM-101,Thane,MUM,neighbor,False,
2025-01-17 20:00:00,26.5,1010.6,61.0,AWS-MUM-101,Thane,MUM,neighbor,False,
2025-01-17 21:00:00,26.1,1011.2,61.0,AWS-MUM-101,Thane,MUM,neighbor,False,
2025-01-17 22:00:00,25.2,1011.4,64.0,AWS-MUM-101,Thane,MUM,neighbor,False,
2025-01-17 23:00:00,25.0,1011.1,62.0,AWS-MUM-101,Thane,MUM,neighbor,False,
2025-01-18 00:00:00,24.7,1010.7,57.0,AWS-MUM-101,Thane,MUM,neighbor,False,
2025-01-18 01:00:00,23.8,1010.4,58.0,AWS-MUM-101,Thane,MUM,neighbor,False,
2025-01-18 02:00:00,23.2,1010.2,59.0,AWS-MUM-101,Thane,MUM,neighbor,False,
2025-01-18 03:00:00,23.0,1010.0,59.0,AWS-MUM-101,Thane,MUM,neighbor,False,
2025-01-18 04:00:00,22.6,1009.8,60.0,AWS-MUM-101,Thane,MUM,neighbor,False,
2025-01-18 05:00:00,22.0,1010.1,63.0,AWS-MUM-101,Thane,MUM,neighbor,False,
2025-01-18 06:00:00,21.1,1010.9,67.0,AWS-MUM-101,Thane,MUM,neighbor,False,
2025-01-18 07:00:00,20.9,1011.7,67.0,AWS-MUM-101,Thane,MUM,neighbor,False,
2025-01-18 08:00:00,22.5,1012.5,60.0,AWS-MUM-101,Thane,MUM,neighbor,False,
2025-01-18 09:00:00,25.6,1013.2,48.0,AWS-MUM-101,Thane,MUM,neighbor,False,
2025-01-18 10:00:00,28.6,1013.3,38.0,AWS-MUM-101,Thane,MUM,neighbor,False,
2025-01-18 11:00:00,30.9,1012.6,32.0,AWS-MUM-101,Thane,MUM,neighbor,False,
2025-01-18 12:00:00,32.5,1011.2,26.0,AWS-MUM-101,Thane,MUM,neighbor,False,
2025-01-18 13:00:00,33.5,1009.7,22.0,AWS-MUM-101,Thane,MUM,neighbor,False,
2025-01-18 14:00:00,34.0,1008.5,19.0,AWS-MUM-101,Thane,MUM,neighbor,False,
2025-01-18 15:00:00,34.2,1007.9,17.0,AWS-MUM-101,Thane,MUM,neighbor,False,
2025-01-18 16:00:00,33.9,1007.8,15.0,AWS-MUM-101,Thane,MUM,neighbor,False,
2025-01-18 17:00:00,33.4,1008.1,16.0,AWS-MUM-101,Thane,MUM,neighbor,False,
2025-01-18 18:00:00,30.8,1009.2,23.0,AWS-MUM-101,Thane,MUM,neighbor,False,
2025-01-18 19:00:00,27.5,1009.9,44.0,AWS-MUM-101,Thane,MUM,neighbor,False,
2025-01-18 20:00:00,26.2,1010.6,48.0,AWS-MUM-101,Thane,MUM,neighbor,False,
2025-01-18 21:00:00,25.5,1011.2,52.0,AWS-MUM-101,Thane,MUM,neighbor,False,
2025-01-18 22:00:00,24.3,1011.8,57.0,AWS-MUM-101,Thane,MUM,neighbor,False,
2025-01-18 23:00:00,23.4,1011.6,62.0,AWS-MUM-101,Thane,MUM,neighbor,False,
2025-01-19 00:00:00,23.4,1011.4,58.0,AWS-MUM-101,Thane,MUM,neighbor,False,
2025-01-19 01:00:00,22.8,1011.2,55.0,AWS-MUM-101,Thane,MUM,neighbor,False,
2025-01-19 02:00:00,22.1,1010.6,56.0,AWS-MUM-101,Thane,MUM,neighbor,False,
2025-01-19 03:00:00,21.6,1010.4,59.0,AWS-MUM-101,Thane,MUM,neighbor,False,
2025-01-19 04:00:00,21.2,1010.5,61.0,AWS-MUM-101,Thane,MUM,neighbor,False,
2025-01-19 05:00:00,20.8,1010.7,63.0,AWS-MUM-101,Thane,MUM,neighbor,False,
2025-01-19 06:00:00,19.8,1011.8,67.0,AWS-MUM-101,Thane,MUM,neighbor,False,
2025-01-19 07:00:00,19.6,1012.5,68.0,AWS-MUM-101,Thane,MUM,neighbor,False,
2025-01-19 08:00:00,20.9,1013.3,64.0,AWS-MUM-101,Thane,MUM,neighbor,False,
2025-01-19 09:00:00,23.9,1014.0,51.0,AWS-MUM-101,Thane,MUM,neighbor,False,
2025-01-19 10:00:00,27.8,1014.1,39.0,AWS-MUM-101,Thane,MUM,neighbor,False,
2025-01-19 11:00:00,30.6,1013.5,33.0,AWS-MUM-101,Thane,MUM,neighbor,False,
2025-01-19 12:00:00,32.7,1012.5,28.0,AWS-MUM-101,Thane,MUM,neighbor,False,
2025-01-19 13:00:00,33.9,1011.2,23.0,AWS-MUM-101,Thane,MUM,neighbor,False,
2025-01-19 14:00:00,34.5,1010.1,21.0,AWS-MUM-101,Thane,MUM,neighbor,False,
2025-01-19 15:00:00,34.6,1009.2,20.0,AWS-MUM-101,Thane,MUM,neighbor,False,
2025-01-19 16:00:00,33.9,1008.9,22.0,AWS-MUM-101,Thane,MUM,neighbor,False,
2025-01-19 17:00:00,32.0,1009.1,29.0,AWS-MUM-101,Thane,MUM,neighbor,False,
2025-01-19 18:00:00,29.4,1009.8,38.0,AWS-MUM-101,Thane,MUM,neighbor,False,
2025-01-19 19:00:00,27.5,1010.4,42.0,AWS-MUM-101,Thane,MUM,neighbor,False,
2025-01-19 20:00:00,26.8,1011.1,42.0,AWS-MUM-101,Thane,MUM,neighbor,False,
2025-01-19 21:00:00,26.1,1011.6,43.0,AWS-MUM-101,Thane,MUM,neighbor,False,
2025-01-19 22:00:00,25.3,1012.0,45.0,AWS-MUM-101,Thane,MUM,neighbor,False,
2025-01-19 23:00:00,24.2,1011.9,50.0,AWS-MUM-101,Thane,MUM,neighbor,False,
2025-01-20 00:00:00,23.5,1011.5,52.0,AWS-MUM-101,Thane,MUM,neighbor,False,
2025-01-20 01:00:00,22.5,1010.9,58.0,AWS-MUM-101,Thane,MUM,neighbor,False,
2025-01-20 02:00:00,21.7,1010.5,63.0,AWS-MUM-101,Thane,MUM,neighbor,False,
2025-01-20 03:00:00,21.0,1010.1,66.0,AWS-MUM-101,Thane,MUM,neighbor,False,
2025-01-20 04:00:00,20.5,1010.2,68.0,AWS-MUM-101,Thane,MUM,neighbor,False,
2025-01-20 05:00:00,20.1,1010.4,70.0,AWS-MUM-101,Thane,MUM,neighbor,False,
2025-01-20 06:00:00,19.9,1011.1,72.0,AWS-MUM-101,Thane,MUM,neighbor,False,
2025-01-20 07:00:00,19.6,1011.6,73.0,AWS-MUM-101,Thane,MUM,neighbor,False,
2025-01-20 08:00:00,20.9,1012.5,66.0,AWS-MUM-101,Thane,MUM,neighbor,False,
2025-01-20 09:00:00,23.9,1013.3,53.0,AWS-MUM-101,Thane,MUM,neighbor,False,
2025-01-20 10:00:00,27.8,1013.4,39.0,AWS-MUM-101,Thane,MUM,neighbor,False,
2025-01-20 11:00:00,31.0,1012.6,29.0,AWS-MUM-101,Thane,MUM,neighbor,False,
2025-01-20 12:00:00,33.2,1011.6,25.0,AWS-MUM-101,Thane,MUM,neighbor,False,
2025-01-20 13:00:00,34.4,1010.3,22.0,AWS-MUM-101,Thane,MUM,neighbor,False,
2025-01-20 14:00:00,35.0,1009.1,21.0,AWS-MUM-101,Thane,MUM,neighbor,False,
2025-01-20 15:00:00,35.0,1008.5,21.0,AWS-MUM-101,Thane,MUM,neighbor,False,
2025-01-20 16:00:00,33.8,1008.2,26.0,AWS-MUM-101,Thane,MUM,neighbor,False,
2025-01-20 17:00:00,31.7,1008.6,34.0,AWS-MUM-101,Thane,MUM,neighbor,False,
2025-01-20 18:00:00,29.3,1008.9,41.0,AWS-MUM-101,Thane,MUM,neighbor,False,
2025-01-20 19:00:00,27.9,1009.5,43.0,AWS-MUM-101,Thane,MUM,neighbor,False,
2025-01-20 20:00:00,27.0,1010.5,43.0,AWS-MUM-101,Thane,MUM,neighbor,False,
2025-01-20 21:00:00,26.1,1011.1,45.0,AWS-MUM-101,Thane,MUM,neighbor,False,
2025-01-20 22:00:00,25.2,1011.5,48.0,AWS-MUM-101,Thane,MUM,neighbor,False,
2025-01-20 23:00:00,24.2,1011.2,52.0,AWS-MUM-101,Thane,MUM,neighbor,False,
2025-01-21 00:00:00,23.4,1010.9,56.0,AWS-MUM-101,Thane,MUM,neighbor,False,
2025-01-21 01:00:00,23.0,1010.2,59.0,AWS-MUM-101,Thane,MUM,neighbor,False,
2025-01-21 02:00:00,22.0,1009.6,63.0,AWS-MUM-101,Thane,MUM,neighbor,False,
2025-01-21 03:00:00,21.0,1009.2,69.0,AWS-MUM-101,Thane,MUM,neighbor,False,
2025-01-21 04:00:00,20.2,1009.1,73.0,AWS-MUM-101,Thane,MUM,neighbor,False,
2025-01-21 05:00:00,19.6,1009.3,76.0,AWS-MUM-101,Thane,MUM,neighbor,False,
2025-01-21 06:00:00,19.3,1010.1,81.0,AWS-MUM-101,Thane,MUM,neighbor,False,
2025-01-21 07:00:00,19.1,1010.6,84.0,AWS-MUM-101,Thane,MUM,neighbor,False,
2025-01-21 08:00:00,20.9,1011.3,73.0,AWS-MUM-101,Thane,MUM,neighbor,False,
2025-01-21 09:00:00,23.9,1012.1,57.0,AWS-MUM-101,Thane,MUM,neighbor,False,
2025-01-21 10:00:00,27.5,1012.2,43.0,AWS-MUM-101,Thane,MUM,neighbor,False,
2025-01-21 11:00:00,30.7,1011.5,34.0,AWS-MUM-101,Thane,MUM,neighbor,False,
2025-01-21 12:00:00,32.8,1010.5,27.0,AWS-MUM-101,Thane,MUM,neighbor,False,
2025-01-21 13:00:00,34.1,1009.1,25.0,AWS-MUM-101,Thane,MUM,neighbor,False,
2025-01-21 14:00:00,34.5,1007.9,24.0,AWS-MUM-101,Thane,MUM,neighbor,False,
2025-01-21 15:00:00,34.3,1007.1,26.0,AWS-MUM-101,Thane,MUM,neighbor,False,
2025-01-21 16:00:00,33.2,1007.1,31.0,AWS-MUM-101,Thane,MUM,neighbor,False,
2025-01-21 17:00:00,31.0,1007.5,38.0,AWS-MUM-101,Thane,MUM,neighbor,False,
2025-01-21 18:00:00,28.9,1008.0,43.0,AWS-MUM-101,Thane,MUM,neighbor,False,
2025-01-21 19:00:00,27.5,1008.4,47.0,AWS-MUM-101,Thane,MUM,neighbor,False,
2025-01-21 20:00:00,26.6,1009.3,48.0,AWS-MUM-101,Thane,MUM,neighbor,False,
2025-01-21 21:00:00,26.0,1010.0,49.0,AWS-MUM-101,Thane,MUM,neighbor,False,
2025-01-21 22:00:00,25.2,1010.2,51.0,AWS-MUM-101,Thane,MUM,neighbor,False,
2025-01-21 23:00:00,24.2,1009.8,55.0,AWS-MUM-101,Thane,MUM,neighbor,False,
2025-01-22 00:00:00,23.2,1009.5,59.0,AWS-MUM-101,Thane,MUM,neighbor,False,
2025-01-22 01:00:00,22.7,1009.2,62.0,AWS-MUM-101,Thane,MUM,neighbor,False,
2025-01-22 02:00:00,21.7,1008.6,67.0,AWS-MUM-101,Thane,MUM,neighbor,False,
2025-01-22 03:00:00,21.2,1008.3,71.0,AWS-MUM-101,Thane,MUM,neighbor,False,
2025-01-22 04:00:00,20.5,1008.3,75.0,AWS-MUM-101,Thane,MUM,neighbor,False,
2025-01-22 05:00:00,20.0,1008.4,78.0,AWS-MUM-101,Thane,MUM,neighbor,False,
2025-01-22 06:00:00,19.7,1009.2,82.0,AWS-MUM-101,Thane,MUM,neighbor,False,
2025-01-22 07:00:00,19.4,1009.9,83.0,AWS-MUM-101,Thane,MUM,neighbor,False,
2025-01-22 08:00:00,21.0,1010.9,73.0,AWS-MUM-101,Thane,MUM,neighbor,False,
2025-01-22 09:00:00,57.224693753784955,1011.4287245134909,132.60676208568486,AWS-MUM-101,Thane,MUM,neighbor,True,multivariate_inconsistency
2025-01-22 10:00:00,60.92469375378496,1011.7615504494875,119.60676208568488,AWS-MUM-101,Thane,MUM,neighbor,True,multivariate_inconsistency
2025-01-22 11:00:00,63.824693753784956,1011.1658499678084,110.60676208568488,AWS-MUM-101,Thane,MUM,neighbor,True,multivariate_inconsistency
2025-01-22 12:00:00,33.2,1010.0,28.0,AWS-MUM-101,Thane,MUM,neighbor,False,
2025-01-22 13:00:00,34.3,1008.5,25.0,AWS-MUM-101,Thane,MUM,neighbor,False,
2025-01-22 14:00:00,34.7,1007.3,150.45358552696246,AWS-MUM-101,Thane,MUM,neighbor,True,spike
2025-01-22 15:00:00,33.7,1006.8,31.0,AWS-MUM-101,Thane,MUM,neighbor,False,
2025-01-22 16:00:00,31.6,1007.1,38.0,AWS-MUM-101,Thane,MUM,neighbor,False,
2025-01-22 17:00:00,30.0,1007.5,42.0,AWS-MUM-101,Thane,MUM,neighbor,False,
2025-01-22 18:00:00,28.4,1008.0,47.0,AWS-MUM-101,Thane,MUM,neighbor,False,
2025-01-22 19:00:00,27.0,1008.8,49.0,AWS-MUM-101,Thane,MUM,neighbor,False,
2025-01-22 20:00:00,26.2,1009.9,50.0,AWS-MUM-101,Thane,MUM,neighbor,False,
2025-01-22 21:00:00,25.5,1010.7,51.0,AWS-MUM-101,Thane,MUM,neighbor,False,
2025-01-22 22:00:00,24.8,1011.0,52.0,AWS-MUM-101,Thane,MUM,neighbor,False,
2025-01-22 23:00:00,24.2,1011.0,55.0,AWS-MUM-101,Thane,MUM,neighbor,False,
2025-01-23 00:00:00,23.8,1010.7,57.0,AWS-MUM-101,Thane,MUM,neighbor,False,
2025-01-23 01:00:00,23.6,1010.2,57.0,AWS-MUM-101,Thane,MUM,neighbor,False,
2025-01-23 02:00:00,23.2,1009.5,58.0,AWS-MUM-101,Thane,MUM,neighbor,False,
2025-01-23 03:00:00,22.8,1008.9,60.0,AWS-MUM-101,Thane,MUM,neighbor,False,
2025-01-23 04:00:00,22.4,1008.8,61.0,AWS-MUM-101,Thane,MUM,neighbor,False,
2025-01-23 05:00:00,22.0,1009.0,61.0,AWS-MUM-101,Thane,MUM,neighbor,False,
2025-01-23 06:00:00,20.9,1009.7,69.0,AWS-MUM-101,Thane,MUM,neighbor,False,
2025-01-23 07:00:00,20.6,1010.2,69.0,AWS-MUM-101,Thane,MUM,neighbor,False,
2025-01-23 08:00:00,22.1,1011.1,63.0,AWS-MUM-101,Thane,MUM,neighbor,False,
2025-01-23 09:00:00,24.8,1011.9,50.0,AWS-MUM-101,Thane,MUM,neighbor,False,
2025-01-23 10:00:00,27.5,1011.9,41.0,AWS-MUM-101,Thane,MUM,neighbor,False,
2025-01-23 11:00:00,29.8,1011.4,36.0,AWS-MUM-101,Thane,MUM,neighbor,False,
2025-01-23 12:00:00,31.3,1010.6,33.0,AWS-MUM-101,Thane,MUM,neighbor,False,
2025-01-23 13:00:00,32.6,,30.0,AWS-MUM-101,Thane,MUM,neighbor,True,dropout
2025-01-23 14:00:00,33.3,1008.2,28.0,AWS-MUM-101,Thane,MUM,neighbor,False,
2025-01-23 15:00:00,33.1,1007.4,29.0,AWS-MUM-101,Thane,MUM,neighbor,False,
2025-01-23 16:00:00,32.3,1007.3,30.0,AWS-MUM-101,Thane,MUM,neighbor,False,
2025-01-23 17:00:00,30.4,1007.6,35.0,AWS-MUM-101,Thane,MUM,neighbor,False,
2025-01-23 18:00:00,27.9,1008.1,45.0,AWS-MUM-101,Thane,MUM,neighbor,False,
2025-01-23 19:00:00,26.1,1008.6,50.0,AWS-MUM-101,Thane,MUM,neighbor,False,
2025-01-23 20:00:00,25.2,1009.4,47.0,AWS-MUM-101,Thane,MUM,neighbor,False,
2025-01-23 21:00:00,24.6,1010.1,47.0,AWS-MUM-101,Thane,MUM,neighbor,False,
2025-01-23 22:00:00,24.1,1010.0,47.0,AWS-MUM-101,Thane,MUM,neighbor,False,
2025-01-23 23:00:00,23.9,1009.9,45.0,AWS-MUM-101,Thane,MUM,neighbor,False,
2025-01-24 00:00:00,23.5,1009.3,43.0,AWS-MUM-101,Thane,MUM,neighbor,False,
2025-01-24 01:00:00,23.1,1008.7,43.0,AWS-MUM-101,Thane,MUM,neighbor,False,
2025-01-24 02:00:00,22.7,1008.1,45.0,AWS-MUM-101,Thane,MUM,neighbor,False,
2025-01-24 03:00:00,22.1,1007.6,48.0,AWS-MUM-101,Thane,MUM,neighbor,False,
2025-01-24 04:00:00,21.3,1007.6,52.0,AWS-MUM-101,Thane,MUM,neighbor,False,
2025-01-24 05:00:00,20.7,1007.7,55.0,AWS-MUM-101,Thane,MUM,neighbor,False,
2025-01-24 06:00:00,19.6,1008.4,64.0,AWS-MUM-101,Thane,MUM,neighbor,False,
2025-01-24 07:00:00,19.2,1008.9,68.0,AWS-MUM-101,Thane,MUM,neighbor,False,
2025-01-24 08:00:00,20.7,1009.6,64.0,AWS-MUM-101,Thane,MUM,neighbor,False,
2025-01-24 09:00:00,24.1,1010.1,54.0,AWS-MUM-101,Thane,MUM,neighbor,False,
2025-01-24 10:00:00,27.7,1010.3,46.0,AWS-MUM-101,Thane,MUM,neighbor,False,
2025-01-24 11:00:00,31.2,1009.8,36.0,AWS-MUM-101,Thane,MUM,neighbor,False,
2025-01-24 12:00:00,33.5,1008.7,31.0,AWS-MUM-101,Thane,MUM,neighbor,False,
2025-01-24 13:00:00,34.9,1007.6,29.0,AWS-MUM-101,Thane,MUM,neighbor,False,
2025-01-24 14:00:00,35.2,1006.7,29.0,AWS-MUM-101,Thane,MUM,neighbor,False,
2025-01-24 15:00:00,34.5,1006.3,32.0,AWS-MUM-101,Thane,MUM,neighbor,False,
2025-01-24 16:00:00,33.3,1006.4,35.0,AWS-MUM-101,Thane,MUM,neighbor,False,
2025-01-24 17:00:00,31.4,1007.0,39.0,AWS-MUM-101,Thane,MUM,neighbor,False,
2025-01-24 18:00:00,29.3,1007.8,44.0,AWS-MUM-101,Thane,MUM,neighbor,False,
2025-01-24 19:00:00,54.03567844987887,1008.3741597264267,99.84470387137969,AWS-MUM-101,Thane,MUM,neighbor,True,multivariate_inconsistency
2025-01-24 20:00:00,,1009.2214274160525,103.84470387137969,AWS-MUM-101,Thane,MUM,neighbor,True,multivariate_inconsistency
2025-01-24 21:00:00,52.03567844987887,1010.1719082358907,107.84470387137969,AWS-MUM-101,Thane,MUM,neighbor,True,multivariate_inconsistency
2025-01-24 22:00:00,51.13567844987888,1009.9075159291658,112.84470387137969,AWS-MUM-101,Thane,MUM,neighbor,True,multivariate_inconsistency
2025-01-24 23:00:00,50.43567844987888,1010.2008861040899,116.84470387137969,AWS-MUM-101,Thane,MUM,neighbor,True,multivariate_inconsistency
2025-01-25 00:00:00,23.6,1009.8,69.0,AWS-MUM-101,Thane,MUM,neighbor,False,
2025-01-25 01:00:00,23.0,1009.3,72.0,AWS-MUM-101,Thane,MUM,neighbor,False,
2025-01-25 02:00:00,22.6,1008.8,74.0,AWS-MUM-101,Thane,MUM,neighbor,False,
2025-01-25 03:00:00,22.1,1008.4,76.0,AWS-MUM-101,Thane,MUM,neighbor,False,
2025-01-25 04:00:00,21.8,1008.4,78.0,AWS-MUM-101,Thane,MUM,neighbor,False,
2025-01-25 05:00:00,21.6,1008.5,78.0,AWS-MUM-101,Thane,MUM,neighbor,False,
2025-01-25 06:00:00,21.3,1009.2,80.0,AWS-MUM-101,Thane,MUM,neighbor,False,
2025-01-25 07:00:00,21.2,1009.5,79.0,AWS-MUM-101,Thane,MUM,neighbor,False,
2025-01-25 08:00:00,22.7,1010.5,70.0,AWS-MUM-101,Thane,MUM,neighbor,False,
2025-01-25 09:00:00,25.7,1011.2,57.0,AWS-MUM-101,Thane,MUM,neighbor,False,
2025-01-25 10:00:00,29.8,1011.5,44.0,AWS-MUM-101,Thane,MUM,neighbor,False,
2025-01-25 11:00:00,33.2,1011.0,34.0,AWS-MUM-101,Thane,MUM,neighbor,False,
2025-01-25 12:00:00,35.2,1010.0,28.0,AWS-MUM-101,Thane,MUM,neighbor,False,
2025-01-25 13:00:00,36.2,1008.7,24.0,AWS-MUM-101,Thane,MUM,neighbor,False,
2025-01-25 14:00:00,35.9,1007.9,25.0,AWS-MUM-101,Thane,MUM,neighbor,False,
2025-01-25 15:00:00,35.0,1007.3,26.0,AWS-MUM-101,Thane,MUM,neighbor,False,
2025-01-25 16:00:00,33.6,1007.4,29.0,AWS-MUM-101,Thane,MUM,neighbor,False,
2025-01-25 17:00:00,31.7,1007.9,34.0,AWS-MUM-101,Thane,MUM,neighbor,False,
2025-01-25 18:00:00,29.9,1008.3,42.0,AWS-MUM-101,Thane,MUM,neighbor,False,
2025-01-25 19:00:00,28.2,1009.0,52.0,AWS-MUM-101,Thane,MUM,neighbor,False,
2025-01-25 20:00:00,27.0,1009.9,56.0,AWS-MUM-101,Thane,MUM,neighbor,False,
2025-01-25 21:00:00,26.1,1010.8,59.0,AWS-MUM-101,Thane,MUM,neighbor,False,
2025-01-25 22:00:00,25.3,1010.9,62.0,AWS-MUM-101,Thane,MUM,neighbor,False,
2025-01-25 23:00:00,24.4,1010.6,66.0,AWS-MUM-101,Thane,MUM,neighbor,False,
2025-01-26 00:00:00,23.9,1010.0,68.0,AWS-MUM-101,Thane,MUM,neighbor,False,
2025-01-26 01:00:00,23.8,1009.6,68.0,AWS-MUM-101,Thane,MUM,neighbor,False,
2025-01-26 02:00:00,23.5,1009.1,69.0,AWS-MUM-101,Thane,MUM,neighbor,False,
2025-01-26 03:00:00,23.0,1008.7,72.0,AWS-MUM-101,Thane,MUM,neighbor,False,
2025-01-26 04:00:00,22.5,,75.0,AWS-MUM-101,Thane,MUM,neighbor,True,dropout
2025-01-26 05:00:00,22.0,1008.8,78.0,AWS-MUM-101,Thane,MUM,neighbor,False,
2025-01-26 06:00:00,21.0,1009.6,86.0,AWS-MUM-101,Thane,MUM,neighbor,False,
2025-01-26 07:00:00,20.7,1010.4,87.0,AWS-MUM-101,Thane,MUM,neighbor,False,
2025-01-26 08:00:00,22.4,1011.3,78.0,AWS-MUM-101,Thane,MUM,neighbor,False,
2025-01-26 09:00:00,25.8,1011.9,62.0,AWS-MUM-101,Thane,MUM,neighbor,False,
2025-01-26 10:00:00,29.8,1012.1,46.0,AWS-MUM-101,Thane,MUM,neighbor,False,
2025-01-26 11:00:00,33.1,1011.2,35.0,AWS-MUM-101,Thane,MUM,neighbor,False,
2025-01-26 12:00:00,35.4,1009.9,26.0,AWS-MUM-101,Thane,MUM,neighbor,False,
2025-01-26 13:00:00,36.8,1008.3,21.0,AWS-MUM-101,Thane,MUM,neighbor,False,
2025-01-26 14:00:00,37.0,1007.3,21.0,AWS-MUM-101,Thane,MUM,neighbor,False,
2025-01-26 15:00:00,36.0,1006.7,26.0,AWS-MUM-101,Thane,MUM,neighbor,False,
2025-01-26 16:00:00,34.1,1006.5,33.0,AWS-MUM-101,Thane,MUM,neighbor,False,
2025-01-26 17:00:00,32.0,1006.9,36.0,AWS-MUM-101,Thane,MUM,neighbor,False,
2025-01-26 18:00:00,30.2,1007.4,45.0,AWS-MUM-101,Thane,MUM,neighbor,False,
2025-01-26 19:00:00,28.6,1007.9,52.0,AWS-MUM-101,Thane,MUM,neighbor,False,
2025-01-26 20:00:00,27.4,1009.0,55.0,AWS-MUM-101,Thane,MUM,neighbor,False,
2025-01-26 21:00:00,26.7,1010.2,59.0,AWS-MUM-101,Thane,MUM,neighbor,False,
2025-01-26 22:00:00,26.1,1010.5,60.0,AWS-MUM-101,Thane,MUM,neighbor,False,
2025-01-26 23:00:00,25.1,1010.4,63.0,AWS-MUM-101,Thane,MUM,neighbor,False,
2025-01-27 00:00:00,24.4,1010.0,64.0,AWS-MUM-101,Thane,MUM,neighbor,False,
2025-01-27 01:00:00,23.7,1009.6,66.0,AWS-MUM-101,Thane,MUM,neighbor,False,
2025-01-27 02:00:00,23.0,1009.2,70.0,AWS-MUM-101,Thane,MUM,neighbor,False,
2025-01-27 03:00:00,22.3,1008.7,74.0,AWS-MUM-101,Thane,MUM,neighbor,False,
2025-01-27 04:00:00,21.5,1008.6,80.0,AWS-MUM-101,Thane,MUM,neighbor,False,
2025-01-27 05:00:00,21.0,1008.5,84.0,AWS-MUM-101,Thane,MUM,neighbor,False,
2025-01-27 06:00:00,20.3,1009.2,92.0,AWS-MUM-101,Thane,MUM,neighbor,False,
2025-01-27 07:00:00,20.1,1009.8,94.0,AWS-MUM-101,Thane,MUM,neighbor,False,
2025-01-27 08:00:00,22.1,1010.4,82.0,AWS-MUM-101,Thane,MUM,neighbor,False,
2025-01-27 09:00:00,25.8,1011.0,62.0,AWS-MUM-101,Thane,MUM,neighbor,False,
2025-01-27 10:00:00,29.3,1010.7,50.0,AWS-MUM-101,Thane,MUM,neighbor,False,
2025-01-27 11:00:00,32.3,1010.1,40.0,AWS-MUM-101,Thane,MUM,neighbor,False,
2025-01-27 12:00:00,34.7,1009.0,30.0,AWS-MUM-101,Thane,MUM,neighbor,False,
2025-01-27 13:00:00,36.0,1007.6,25.0,AWS-MUM-101,Thane,MUM,neighbor,False,
2025-01-27 14:00:00,36.4,1006.5,25.0,AWS-MUM-101,Thane,MUM,neighbor,False,
2025-01-27 15:00:00,36.0,1005.8,27.0,AWS-MUM-101,Thane,MUM,neighbor,False,
2025-01-27 16:00:00,34.7,1005.7,30.0,AWS-MUM-101,Thane,MUM,neighbor,False,
2025-01-27 17:00:00,32.5,1006.0,33.0,AWS-MUM-101,Thane,MUM,neighbor,False,
2025-01-27 18:00:00,30.4,1006.6,38.0,AWS-MUM-101,Thane,MUM,neighbor,False,
2025-01-27 19:00:00,28.4,1007.1,41.0,AWS-MUM-101,Thane,MUM,neighbor,False,
2025-01-27 20:00:00,27.2,1020.0465279655087,43.0,AWS-MUM-101,Thane,MUM,neighbor,True,spike
2025-01-27 21:00:00,26.2,1008.7,45.0,AWS-MUM-101,Thane,MUM,neighbor,False,
2025-01-27 22:00:00,25.3,1008.8,47.0,AWS-MUM-101,Thane,MUM,neighbor,False,
2025-01-27 23:00:00,24.2,1008.9,53.0,AWS-MUM-101,Thane,MUM,neighbor,False,
2025-01-28 00:00:00,23.0,1008.4,59.0,AWS-MUM-101,Thane,MUM,neighbor,False,
2025-01-28 01:00:00,22.4,1008.1,61.0,AWS-MUM-101,Thane,MUM,neighbor,False,
2025-01-28 02:00:00,21.8,1007.6,66.0,AWS-MUM-101,Thane,MUM,neighbor,False,
2025-01-28 03:00:00,21.2,1007.3,72.0,AWS-MUM-101,Thane,MUM,neighbor,False,
2025-01-28 04:00:00,20.5,1006.9,76.0,AWS-MUM-101,Thane,MUM,neighbor,False,
2025-01-28 05:00:00,19.9,1007.0,79.0,AWS-MUM-101,Thane,MUM,neighbor,False,
2025-01-28 06:00:00,19.4,1007.9,84.0,AWS-MUM-101,Thane,MUM,neighbor,False,
2025-01-28 07:00:00,19.3,1008.7,85.0,AWS-MUM-101,Thane,MUM,neighbor,False,
2025-01-28 08:00:00,21.3,1009.8,76.0,AWS-MUM-101,Thane,MUM,neighbor,False,
2025-01-28 09:00:00,24.9,1010.6,55.0,AWS-MUM-101,Thane,MUM,neighbor,False,
2025-01-28 10:00:00,28.4,1010.8,44.0,AWS-MUM-101,Thane,MUM,neighbor,False,
2025-01-28 11:00:00,31.6,1010.5,36.0,AWS-MUM-101,Thane,MUM,neighbor,False,
2025-01-28 12:00:00,33.6,1009.4,29.0,AWS-MUM-101,Thane,MUM,neighbor,False,
2025-01-28 13:00:00,34.1,1008.6,27.0,AWS-MUM-101,Thane,MUM,neighbor,False,
2025-01-28 14:00:00,34.2,1007.8,26.0,AWS-MUM-101,Thane,MUM,neighbor,False,
2025-01-28 15:00:00,34.1,1007.2,23.0,AWS-MUM-101,Thane,MUM,neighbor,False,
2025-01-28 16:00:00,33.1,1007.0,25.0,AWS-MUM-101,Thane,MUM,neighbor,False,
2025-01-28 17:00:00,31.0,1007.5,32.0,AWS-MUM-101,Thane,MUM,neighbor,False,
2025-01-28 18:00:00,28.3,1008.4,43.0,AWS-MUM-101,Thane,MUM,neighbor,False,
2025-01-28 19:00:00,26.2,1009.1,54.0,AWS-MUM-101,Thane,MUM,neighbor,False,
2025-01-28 20:00:00,24.7,1010.3,67.0,AWS-MUM-101,Thane,MUM,neighbor,False,
2025-01-28 21:00:00,23.5,1011.0,76.0,AWS-MUM-101,Thane,MUM,neighbor,False,
2025-01-28 22:00:00,22.4,1011.2,85.0,AWS-MUM-101,Thane,MUM,neighbor,False,
2025-01-28 23:00:00,21.5,1011.2,88.0,AWS-MUM-101,Thane,MUM,neighbor,False,
2025-01-29 00:00:00,20.8,1011.0,91.0,AWS-MUM-101,Thane,MUM,neighbor,False,
2025-01-29 01:00:00,20.1,1010.6,95.0,AWS-MUM-101,Thane,MUM,neighbor,False,
2025-01-29 02:00:00,19.6,1010.4,96.0,AWS-MUM-101,Thane,MUM,neighbor,False,
2025-01-29 03:00:00,19.2,1009.8,96.0,AWS-MUM-101,Thane,MUM,neighbor,False,
2025-01-29 04:00:00,18.7,1009.7,97.0,AWS-MUM-101,Thane,MUM,neighbor,False,
2025-01-29 05:00:00,18.3,1009.8,98.0,AWS-MUM-101,Thane,MUM,neighbor,False,
2025-01-29 06:00:00,17.9,1010.6,100.0,AWS-MUM-101,Thane,MUM,neighbor,False,
2025-01-29 07:00:00,17.8,1011.4,100.0,AWS-MUM-101,Thane,MUM,neighbor,False,
2025-01-29 08:00:00,20.0,1012.4,82.0,AWS-MUM-101,Thane,MUM,neighbor,False,
2025-01-29 09:00:00,24.3,1013.2,59.0,AWS-MUM-101,Thane,MUM,neighbor,False,
2025-01-29 10:00:00,28.0,1013.4,38.0,AWS-MUM-101,Thane,MUM,neighbor,False,
2025-01-29 11:00:00,31.0,1013.0,26.0,AWS-MUM-101,Thane,MUM,neighbor,False,
2025-01-29 12:00:00,33.1,1011.8,21.0,AWS-MUM-101,Thane,MUM,neighbor,False,
2025-01-29 13:00:00,34.3,1010.5,18.0,AWS-MUM-101,Thane,MUM,neighbor,False,
2025-01-29 14:00:00,34.3,1009.5,20.0,AWS-MUM-101,Thane,MUM,neighbor,False,
2025-01-29 15:00:00,33.3,1008.7,24.0,AWS-MUM-101,Thane,MUM,neighbor,False,
2025-01-29 16:00:00,31.9,1008.6,26.0,AWS-MUM-101,Thane,MUM,neighbor,False,
2025-01-29 17:00:00,30.0,1008.7,32.0,AWS-MUM-101,Thane,MUM,neighbor,False,
2025-01-29 18:00:00,27.6,1009.0,48.0,AWS-MUM-101,Thane,MUM,neighbor,False,
2025-01-29 19:00:00,25.8,1009.7,60.0,AWS-MUM-101,Thane,MUM,neighbor,False,
2025-01-29 20:00:00,24.7,1010.5,63.0,AWS-MUM-101,Thane,MUM,neighbor,False,
2025-01-29 21:00:00,23.9,1011.0,66.0,AWS-MUM-101,Thane,MUM,neighbor,False,
2025-01-29 22:00:00,23.2,1011.0,68.0,AWS-MUM-101,Thane,MUM,neighbor,False,
2025-01-29 23:00:00,22.1,1011.1,74.0,AWS-MUM-101,Thane,MUM,neighbor,False,
2025-01-30 00:00:00,21.2,1010.8,81.0,AWS-MUM-101,Thane,MUM,neighbor,False,
2025-01-30 01:00:00,20.3,1010.3,86.0,AWS-MUM-101,Thane,MUM,neighbor,False,
2025-01-30 02:00:00,19.8,1009.6,88.0,AWS-MUM-101,Thane,MUM,neighbor,False,
2025-01-30 03:00:00,19.4,1008.8,90.0,AWS-MUM-101,Thane,MUM,neighbor,False,
2025-01-30 04:00:00,19.0,1008.6,90.0,AWS-MUM-101,Thane,MUM,neighbor,False,
2025-01-30 05:00:00,18.6,1008.7,93.0,AWS-MUM-101,Thane,MUM,neighbor,False,
2025-01-30 06:00:00,18.1,1009.7,97.0,AWS-MUM-101,Thane,MUM,neighbor,False,
2025-01-30 07:00:00,18.1,1010.4,96.0,AWS-MUM-101,Thane,MUM,neighbor,False,
2025-01-30 08:00:00,20.2,1011.0,82.0,AWS-MUM-101,Thane,MUM,neighbor,False,
2025-01-30 09:00:00,24.0,1011.7,61.0,AWS-MUM-101,Thane,MUM,neighbor,False,
2025-01-30 10:00:00,27.8,1012.0,45.0,AWS-MUM-101,Thane,MUM,neighbor,False,
2025-01-30 11:00:00,31.1,49.2799491326707,35.0,AWS-MUM-101,Thane,MUM,neighbor,True,sensor_fail_low
2025-01-30 12:00:00,33.7,50.781179753306525,26.0,AWS-MUM-101,Thane,MUM,neighbor,True,sensor_fail_low
2025-01-30 13:00:00,34.9,49.21934041433406,23.0,AWS-MUM-101,Thane,MUM,neighbor,True,sensor_fail_low
2025-01-30 14:00:00,34.9,1008.1,26.0,AWS-MUM-101,Thane,MUM,neighbor,False,
2025-01-30 15:00:00,34.4,1007.5,28.0,AWS-MUM-101,Thane,MUM,neighbor,False,
2025-01-30 16:00:00,33.8,1007.1,28.0,AWS-MUM-101,Thane,MUM,neighbor,False,
2025-01-30 17:00:00,32.3,1007.2,30.0,AWS-MUM-101,Thane,MUM,neighbor,False,
2025-01-30 18:00:00,29.7,1007.5,34.0,AWS-MUM-101,Thane,MUM,neighbor,False,
2025-01-30 19:00:00,27.6,1008.0,37.0,AWS-MUM-101,Thane,MUM,neighbor,False,
2025-01-30 20:00:00,26.4,1008.9,40.0,AWS-MUM-101,Thane,MUM,neighbor,False,
2025-01-30 21:00:00,25.3,1009.5,43.0,AWS-MUM-101,Thane,MUM,neighbor,False,
2025-01-30 22:00:00,24.2,1009.7,47.0,AWS-MUM-101,Thane,MUM,neighbor,False,
2025-01-30 23:00:00,23.4,1009.3,50.0,AWS-MUM-101,Thane,MUM,neighbor,False,
2025-01-31 00:00:00,22.4,1008.9,56.0,AWS-MUM-101,Thane,MUM,neighbor,False,
2025-01-31 01:00:00,21.6,1008.8,58.0,AWS-MUM-101,Thane,MUM,neighbor,False,
2025-01-31 02:00:00,20.9,1008.4,58.0,AWS-MUM-101,Thane,MUM,neighbor,False,
2025-01-31 03:00:00,20.3,1008.2,59.0,AWS-MUM-101,Thane,MUM,neighbor,False,
2025-01-31 04:00:00,19.6,1008.2,66.0,AWS-MUM-101,Thane,MUM,neighbor,False,
2025-01-31 05:00:00,19.1,1008.6,72.0,AWS-MUM-101,Thane,MUM,neighbor,False,
2025-01-31 06:00:00,18.4,1009.3,84.0,AWS-MUM-101,Thane,MUM,neighbor,False,
2025-01-31 07:00:00,18.0,1010.0,90.0,AWS-MUM-101,Thane,MUM,neighbor,False,
2025-01-31 08:00:00,19.9,1010.9,81.0,AWS-MUM-101,Thane,MUM,neighbor,False,
2025-01-31 09:00:00,23.5,1011.7,58.0,AWS-MUM-101,Thane,MUM,neighbor,False,
2025-01-31 10:00:00,27.1,1011.8,42.0,AWS-MUM-101,Thane,MUM,neighbor,False,
2025-01-31 11:00:00,30.1,1011.2,32.0,AWS-MUM-101,Thane,MUM,neighbor,False,
2025-01-31 12:00:00,32.2,1010.2,26.0,AWS-MUM-101,Thane,MUM,neighbor,False,
2025-01-31 13:00:00,33.2,1009.0,26.0,AWS-MUM-101,Thane,MUM,neighbor,False,
2025-01-31 14:00:00,33.3,1007.9,28.0,AWS-MUM-101,Thane,MUM,neighbor,False,
2025-01-31 15:00:00,32.4,1007.3,31.0,AWS-MUM-101,Thane,MUM,neighbor,False,
2025-01-31 16:00:00,31.1,1007.1,34.0,AWS-MUM-101,Thane,MUM,neighbor,False,
2025-01-31 17:00:00,29.3,1007.3,40.0,AWS-MUM-101,Thane,MUM,neighbor,False,
2025-01-31 18:00:00,26.7,1008.1,53.0,AWS-MUM-101,Thane,MUM,neighbor,False,
2025-01-31 19:00:00,24.7,1009.0,65.0,AWS-MUM-101,Thane,MUM,neighbor,False,
2025-01-31 20:00:00,23.4,1009.9,71.0,AWS-MUM-101,Thane,MUM,neighbor,False,
2025-01-31 21:00:00,22.7,1010.9,70.0,AWS-MUM-101,Thane,MUM,neighbor,False,
2025-01-31 22:00:00,22.0,1011.3,70.0,AWS-MUM-101,Thane,MUM,neighbor,False,
2025-01-31 23:00:00,21.1,1011.1,76.0,AWS-MUM-101,Thane,MUM,neighbor,False,
2025-02-01 00:00:00,20.3,1010.7,82.0,AWS-MUM-101,Thane,MUM,neighbor,False,
2025-02-01 01:00:00,19.5,1010.1,88.0,AWS-MUM-101,Thane,MUM,neighbor,False,
2025-02-01 02:00:00,18.8,1009.5,92.0,AWS-MUM-101,Thane,MUM,neighbor,False,
2025-02-01 03:00:00,18.1,1009.1,96.0,AWS-MUM-101,Thane,MUM,neighbor,False,
2025-02-01 04:00:00,17.8,1009.1,97.0,AWS-MUM-101,Thane,MUM,neighbor,False,
2025-02-01 05:00:00,17.6,1009.3,94.0,AWS-MUM-101,Thane,MUM,neighbor,False,
2025-02-01 06:00:00,45.30046166485067,1010.5226237571985,148.5594267118422,AWS-MUM-101,Thane,MUM,neighbor,True,multivariate_inconsistency
2025-02-01 07:00:00,45.30046166485067,1011.268560692594,146.5594267118422,AWS-MUM-101,Thane,MUM,neighbor,True,multivariate_inconsistency
2025-02-01 08:00:00,46.90046166485068,1012.1128978405962,138.5594267118422,AWS-MUM-101,Thane,MUM,neighbor,True,multivariate_inconsistency
2025-02-01 09:00:00,49.70046166485068,1012.4956360568032,125.5594267118422,AWS-MUM-101,Thane,MUM,neighbor,True,multivariate_inconsistency
2025-02-01 10:00:00,25.1,1012.8,57.0,AWS-MUM-101,Thane,MUM,neighbor,False,
2025-02-01 11:00:00,28.2,1012.0,38.0,AWS-MUM-101,Thane,MUM,neighbor,False,
2025-02-01 12:00:00,30.6,1010.8,29.0,AWS-MUM-101,Thane,MUM,neighbor,False,
2025-02-01 13:00:00,32.0,1009.8,28.0,AWS-MUM-101,Thane,MUM,neighbor,False,
2025-02-01 14:00:00,32.1,1008.8,31.0,AWS-MUM-101,Thane,MUM,neighbor,False,
2025-02-01 15:00:00,31.6,1008.2,36.0,AWS-MUM-101,Thane,MUM,neighbor,False,
2025-02-01 16:00:00,30.5,1008.1,39.0,AWS-MUM-101,Thane,MUM,neighbor,False,
2025-02-01 17:00:00,28.8,1008.6,42.0,AWS-MUM-101,Thane,MUM,neighbor,False,
2025-02-01 18:00:00,26.8,1009.4,48.0,AWS-MUM-101,Thane,MUM,neighbor,False,
2025-02-01 19:00:00,25.4,1010.1,52.0,AWS-MUM-101,Thane,MUM,neighbor,False,
2025-02-01 20:00:00,24.3,1011.0,54.0,AWS-MUM-101,Thane,MUM,neighbor,False,
2025-02-01 21:00:00,23.5,1011.5,53.0,AWS-MUM-101,Thane,MUM,neighbor,False,
2025-02-01 22:00:00,23.0,1011.8,51.0,AWS-MUM-101,Thane,MUM,neighbor,False,
2025-02-01 23:00:00,22.6,1011.5,49.0,AWS-MUM-101,Thane,MUM,neighbor,False,
2025-02-02 00:00:00,21.6,1011.3,52.0,AWS-MUM-101,Thane,MUM,neighbor,False,
2025-02-02 01:00:00,20.8,1010.8,60.0,AWS-MUM-101,Thane,MUM,neighbor,False,
2025-02-02 02:00:00,20.4,1010.1,59.0,AWS-MUM-101,Thane,MUM,neighbor,False,
2025-02-02 03:00:00,19.9,1009.5,62.0,AWS-MUM-101,Thane,MUM,neighbor,False,
2025-02-02 04:00:00,19.5,1009.2,65.0,AWS-MUM-101,Thane,MUM,neighbor,False,
2025-02-02 05:00:00,19.1,1009.3,67.0,AWS-MUM-101,Thane,MUM,neighbor,False,
2025-02-02 06:00:00,18.5,1010.2,75.0,AWS-MUM-101,Thane,MUM,neighbor,False,
2025-02-02 07:00:00,18.3,1011.2,77.0,AWS-MUM-101,Thane,MUM,neighbor,False,
2025-02-02 08:00:00,20.0,1012.0,68.0,AWS-MUM-101,Thane,MUM,neighbor,False,
2025-02-02 09:00:00,23.5,1012.6,50.0,AWS-MUM-101,Thane,MUM,neighbor,False,
2025-02-02 10:00:00,27.1,1012.7,37.0,AWS-MUM-101,Thane,MUM,neighbor,False,
2025-02-02 11:00:00,30.3,1011.9,29.0,AWS-MUM-101,Thane,MUM,neighbor,False,
2025-02-02 12:00:00,32.7,1010.5,24.0,AWS-MUM-101,Thane,MUM,neighbor,False,
2025-02-02 13:00:00,34.2,1009.2,21.0,AWS-MUM-101,Thane,MUM,neighbor,False,
2025-02-02 14:00:00,34.7,1008.2,21.0,AWS-MUM-101,Thane,MUM,neighbor,False,
2025-02-02 15:00:00,34.2,1007.7,23.0,AWS-MUM-101,Thane,MUM,neighbor,False,
2025-02-02 16:00:00,33.1,1007.7,27.0,AWS-MUM-101,Thane,MUM,neighbor,False,
2025-02-02 17:00:00,31.2,1008.1,31.0,AWS-MUM-101,Thane,MUM,neighbor,False,
2025-02-02 18:00:00,28.7,1008.8,40.0,AWS-MUM-101,Thane,MUM,neighbor,False,
2025-02-02 19:00:00,26.8,1009.3,45.0,AWS-MUM-101,Thane,MUM,neighbor,False,
2025-02-02 20:00:00,25.8,1010.2,47.0,AWS-MUM-101,Thane,MUM,neighbor,False,
2025-02-02 21:00:00,25.2,1010.9,46.0,AWS-MUM-101,Thane,MUM,neighbor,False,
2025-02-02 22:00:00,24.5,1011.1,45.0,AWS-MUM-101,Thane,MUM,neighbor,False,
2025-02-02 23:00:00,23.8,1011.2,45.0,AWS-MUM-101,Thane,MUM,neighbor,False,
2025-02-03 00:00:00,22.9,1010.6,49.0,AWS-MUM-101,Thane,MUM,neighbor,False,
2025-02-03 01:00:00,22.0,1010.1,59.0,AWS-MUM-101,Thane,MUM,neighbor,False,
2025-02-03 02:00:00,21.3,1009.6,64.0,AWS-MUM-101,Thane,MUM,neighbor,False,
2025-02-03 03:00:00,20.5,1009.0,70.0,AWS-MUM-101,Thane,MUM,neighbor,False,
2025-02-03 04:00:00,20.0,1008.8,73.0,AWS-MUM-101,Thane,MUM,neighbor,False,
2025-02-03 05:00:00,19.8,1008.9,75.0,AWS-MUM-101,Thane,MUM,neighbor,False,
2025-02-03 06:00:00,19.2,1009.8,81.0,AWS-MUM-101,Thane,MUM,neighbor,False,
2025-02-03 07:00:00,19.2,1010.4,83.0,AWS-MUM-101,Thane,MUM,neighbor,False,
2025-02-03 08:00:00,21.4,1011.3,69.0,AWS-MUM-101,Thane,MUM,neighbor,False,
2025-02-03 09:00:00,25.4,1012.0,46.0,AWS-MUM-101,Thane,MUM,neighbor,False,
2025-02-03 10:00:00,28.9,1012.4,33.0,AWS-MUM-101,Thane,MUM,neighbor,False,
2025-02-03 11:00:00,31.3,1011.9,28.0,AWS-MUM-101,Thane,MUM,neighbor,False,
2025-02-03 12:00:00,32.7,1010.8,30.0,AWS-MUM-101,Thane,MUM,neighbor,False,
2025-02-03 13:00:00,32.9,1009.6,33.0,AWS-MUM-101,Thane,MUM,neighbor,False,
2025-02-03 14:00:00,32.4,1008.8,33.0,AWS-MUM-101,Thane,MUM,neighbor,False,
2025-02-03 15:00:00,31.6,1008.4,30.0,AWS-MUM-101,Thane,MUM,neighbor,False,
2025-02-03 16:00:00,30.4,1008.5,31.0,AWS-MUM-101,Thane,MUM,neighbor,False,
2025-02-03 17:00:00,28.5,1008.9,37.0,AWS-MUM-101,Thane,MUM,neighbor,False,
2025-02-03 18:00:00,26.5,1010.1,45.0,AWS-MUM-101,Thane,MUM,neighbor,False,
2025-02-03 19:00:00,25.5,1011.0,49.0,AWS-MUM-101,Thane,MUM,neighbor,False,
2025-02-03 20:00:00,24.6,1012.1,52.0,AWS-MUM-101,Thane,MUM,neighbor,False,
2025-02-03 21:00:00,24.0,1012.8,54.0,AWS-MUM-101,Thane,MUM,neighbor,False,
2025-02-03 22:00:00,23.2,1013.1,56.0,AWS-MUM-101,Thane,MUM,neighbor,False,
2025-02-03 23:00:00,22.4,1012.8,60.0,AWS-MUM-101,Thane,MUM,neighbor,False,
2025-02-04 00:00:00,21.7,1012.5,65.0,AWS-MUM-101,Thane,MUM,neighbor,False,
2025-02-04 01:00:00,21.0,1011.9,69.0,AWS-MUM-101,Thane,MUM,neighbor,False,
2025-02-04 02:00:00,-3.0325918489088792,1011.2,72.0,AWS-MUM-101,Thane,MUM,neighbor,True,spike
2025-02-04 03:00:00,19.8,1010.6,75.0,AWS-MUM-101,Thane,MUM,neighbor,False,
2025-02-04 04:00:00,19.2,1010.3,80.0,AWS-MUM-101,Thane,MUM,neighbor,False,
2025-02-04 05:00:00,18.7,1010.3,85.0,AWS-MUM-101,Thane,MUM,neighbor,False,
2025-02-04 06:00:00,18.6,1011.7,84.0,AWS-MUM-101,Thane,MUM,neighbor,False,
2025-02-04 07:00:00,19.0,1012.3,72.0,AWS-MUM-101,Thane,MUM,neighbor,False,
2025-02-04 08:00:00,21.3,1013.2,59.0,AWS-MUM-101,Thane,MUM,neighbor,False,
2025-02-04 09:00:00,25.0,1014.3,45.0,AWS-MUM-101,Thane,MUM,neighbor,False,
2025-02-04 10:00:00,27.8,1014.2,39.0,AWS-MUM-101,Thane,MUM,neighbor,False,
2025-02-04 11:00:00,30.2,1013.9,33.0,AWS-MUM-101,Thane,MUM,neighbor,False,
2025-02-04 12:00:00,31.9,1012.7,30.0,AWS-MUM-101,Thane,MUM,neighbor,False,
2025-02-04 13:00:00,33.0,1011.3,30.0,AWS-MUM-101,Thane,MUM,neighbor,False,
2025-02-04 14:00:00,33.5,1010.2,30.0,AWS-MUM-101,Thane,MUM,neighbor,False,
2025-02-04 15:00:00,32.9,1009.4,31.0,AWS-MUM-101,Thane,MUM,neighbor,False,
2025-02-04 16:00:00,31.6,1009.3,33.0,AWS-MUM-101,Thane,MUM,neighbor,False,
2025-02-04 17:00:00,29.6,1009.4,38.0,AWS-MUM-101,Thane,MUM,neighbor,False,
2025-02-04 18:00:00,27.1,1010.4,45.0,AWS-MUM-101,Thane,MUM,neighbor,False,
2025-02-04 19:00:00,25.5,1010.7,52.0,AWS-MUM-101,Thane,MUM,neighbor,False,
2025-02-04 20:00:00,24.7,1011.6,51.0,AWS-MUM-101,Thane,MUM,neighbor,False,
2025-02-04 21:00:00,24.2,1012.1,46.0,AWS-MUM-101,Thane,MUM,neighbor,False,
2025-02-04 22:00:00,23.7,1012.2,43.0,AWS-MUM-101,Thane,MUM,neighbor,False,
2025-02-04 23:00:00,23.1,1012.2,43.0,AWS-MUM-101,Thane,MUM,neighbor,False,
2025-02-05 00:00:00,22.5,1011.9,44.0,AWS-MUM-101,Thane,MUM,neighbor,False,
2025-02-05 01:00:00,22.0,1011.5,45.0,AWS-MUM-101,Thane,MUM,neighbor,False,
2025-02-05 02:00:00,21.9,1011.1,43.0,AWS-MUM-101,Thane,MUM,neighbor,False,
2025-02-05 03:00:00,21.7,1010.7,42.0,AWS-MUM-101,Thane,MUM,neighbor,False,
2025-02-05 04:00:00,21.3,1010.5,42.0,AWS-MUM-101,Thane,MUM,neighbor,False,
2025-02-05 05:00:00,21.0,1010.5,42.0,AWS-MUM-101,Thane,MUM,neighbor,False,
2025-02-05 06:00:00,20.2,1010.9,47.0,AWS-MUM-101,Thane,MUM,neighbor,False,
2025-02-05 07:00:00,19.9,1011.7,46.0,AWS-MUM-101,Thane,MUM,neighbor,False,
2025-02-05 08:00:00,21.5,1012.7,43.0,AWS-MUM-101,Thane,MUM,neighbor,False,
2025-02-05 09:00:00,24.8,1012.8,32.0,AWS-MUM-101,Thane,MUM,neighbor,False,
2025-02-05 10:00:00,27.8,1012.9,26.0,AWS-MUM-101,Thane,MUM,neighbor,False,
2025-02-05 11:00:00,30.3,1011.9,23.0,AWS-MUM-101,Thane,MUM,neighbor,False,
2025-02-05 12:00:00,32.1,1011.0,21.0,AWS-MUM-101,Thane,MUM,neighbor,False,
2025-02-05 13:00:00,33.4,1009.6,20.0,AWS-MUM-101,Thane,MUM,neighbor,False,
2025-02-05 14:00:00,34.3,1008.4,19.0,AWS-MUM-101,Thane,MUM,neighbor,False,
2025-02-05 15:00:00,34.3,1007.6,19.0,AWS-MUM-101,Thane,MUM,neighbor,False,
2025-02-05 16:00:00,33.1,1007.7,21.0,AWS-MUM-101,Thane,MUM,neighbor,False,
2025-02-05 17:00:00,30.2,1007.9,29.0,AWS-MUM-101,Thane,MUM,neighbor,False,
2025-02-05 18:00:00,27.8,1008.5,38.0,AWS-MUM-101,Thane,MUM,neighbor,False,
2025-02-05 19:00:00,26.1,1009.2,41.0,AWS-MUM-101,Thane,MUM,neighbor,False,
2025-02-05 20:00:00,24.8,1010.2,41.0,AWS-MUM-101,Thane,MUM,neighbor,False,
2025-02-05 21:00:00,24.1,1011.0,41.0,AWS-MUM-101,Thane,MUM,neighbor,False,
2025-02-05 22:00:00,23.5,1010.9,40.0,AWS-MUM-101,Thane,MUM,neighbor,False,
2025-02-05 23:00:00,23.1,1010.8,41.0,AWS-MUM-101,Thane,MUM,neighbor,False,
2025-02-06 00:00:00,22.7,1010.4,41.0,AWS-MUM-101,Thane,MUM,neighbor,False,
2025-02-06 01:00:00,22.0,1010.0,41.0,AWS-MUM-101,Thane,MUM,neighbor,False,
2025-02-06 02:00:00,21.0,1009.3,44.0,AWS-MUM-101,Thane,MUM,neighbor,False,
2025-02-06 03:00:00,20.0,1008.7,50.0,AWS-MUM-101,Thane,MUM,neighbor,False,
2025-02-06 04:00:00,19.4,1008.7,55.0,AWS-MUM-101,Thane,MUM,neighbor,False,
2025-02-06 05:00:00,19.0,1008.9,54.0,AWS-MUM-101,Thane,MUM,neighbor,False,
2025-02-06 06:00:00,18.4,1009.6,60.0,AWS-MUM-101,Thane,MUM,neighbor,False,
2025-02-06 07:00:00,18.3,1010.2,63.0,AWS-MUM-101,Thane,MUM,neighbor,False,
2025-02-06 08:00:00,20.3,1010.9,55.0,AWS-MUM-101,Thane,MUM,neighbor,False,
2025-02-06 09:00:00,24.1,1011.4,44.0,AWS-MUM-101,Thane,MUM,neighbor,False,
2025-02-06 10:00:00,27.8,1011.5,36.0,AWS-MUM-101,Thane,MUM,neighbor,False,
2025-02-06 11:00:00,31.1,1011.0,31.0,AWS-MUM-101,Thane,MUM,neighbor,False,
2025-02-06 12:00:00,33.7,50.50652667921858,26.0,AWS-MUM-101,Thane,MUM,neighbor,True,sensor_fail_low
2025-02-06 13:00:00,35.2,49.91321871943529,23.0,AWS-MUM-101,Thane,MUM,neighbor,True,sensor_fail_low
2025-02-06 14:00:00,36.0,50.12721581566238,21.0,AWS-MUM-101,Thane,MUM,neighbor,True,sensor_fail_low
2025-02-06 15:00:00,35.7,49.89055259105632,22.0,AWS-MUM-101,Thane,MUM,neighbor,True,sensor_fail_low
2025-02-06 16:00:00,34.3,1006.5,28.0,AWS-MUM-101,Thane,MUM,neighbor,False,
2025-02-06 17:00:00,31.9,1006.9,36.0,AWS-MUM-101,Thane,MUM,neighbor,False,
2025-02-06 18:00:00,29.6,1007.7,43.0,AWS-MUM-101,Thane,MUM,neighbor,False,
2025-02-06 19:00:00,28.0,1008.4,47.0,AWS-MUM-101,Thane,MUM,neighbor,False,
2025-02-06 20:00:00,27.0,1009.4,51.0,AWS-MUM-101,Thane,MUM,neighbor,False,
2025-02-06 21:00:00,26.3,1010.1,53.0,AWS-MUM-101,Thane,MUM,neighbor,False,
2025-02-06 22:00:00,25.6,1010.3,57.0,AWS-MUM-101,Thane,MUM,neighbor,False,
2025-02-06 23:00:00,24.9,1010.0,59.0,AWS-MUM-101,Thane,MUM,neighbor,False,
2025-02-07 00:00:00,23.9,1009.8,62.0,AWS-MUM-101,Thane,MUM,neighbor,False,
2025-02-07 01:00:00,23.0,1009.5,66.0,AWS-MUM-101,Thane,MUM,neighbor,False,
2025-02-07 02:00:00,22.3,1009.1,69.0,AWS-MUM-101,Thane,MUM,neighbor,False,
2025-02-07 03:00:00,21.9,1008.7,69.0,AWS-MUM-101,Thane,MUM,neighbor,False,
2025-02-07 04:00:00,21.6,1008.7,71.0,AWS-MUM-101,Thane,MUM,neighbor,False,
2025-02-07 05:00:00,21.3,1008.9,72.0,AWS-MUM-101,Thane,MUM,neighbor,False,
2025-02-07 06:00:00,21.6,1009.9,73.0,AWS-MUM-101,Thane,MUM,neighbor,False,
2025-02-07 07:00:00,21.8,1010.7,72.0,AWS-MUM-101,Thane,MUM,neighbor,False,
2025-02-07 08:00:00,23.8,1011.7,65.0,AWS-MUM-101,Thane,MUM,neighbor,False,
2025-02-07 09:00:00,27.0,1012.6,53.0,AWS-MUM-101,Thane,MUM,neighbor,False,
2025-02-07 10:00:00,30.4,1013.0,42.0,AWS-MUM-101,Thane,MUM,neighbor,False,
2025-02-07 11:00:00,33.5,1012.4,32.0,AWS-MUM-101,Thane,MUM,neighbor,False,
2025-02-07 12:00:00,35.6,1011.3,25.0,AWS-MUM-101,Thane,MUM,neighbor,False,
2025-02-07 13:00:00,36.9,1009.9,22.0,AWS-MUM-101,Thane,MUM,neighbor,False,
2025-02-07 14:00:00,37.6,1008.7,20.0,AWS-MUM-101,Thane,MUM,neighbor,False,
2025-02-07 15:00:00,36.7,1008.2,23.0,AWS-MUM-101,Thane,MUM,neighbor,False,
2025-02-07 16:00:00,34.8,1008.3,28.0,AWS-MUM-101,Thane,MUM,neighbor,False,
2025-02-07 17:00:00,32.4,1008.7,35.0,AWS-MUM-101,Thane,MUM,neighbor,False,
2025-02-07 18:00:00,30.1,1009.5,43.0,AWS-MUM-101,Thane,MUM,neighbor,False,
2025-02-07 19:00:00,28.7,1009.9,47.0,AWS-MUM-101,Thane,MUM,neighbor,False,
2025-02-07 20:00:00,27.8,1011.0,50.0,AWS-MUM-101,Thane,MUM,neighbor,False,
2025-02-07 21:00:00,27.1,1011.8,53.0,AWS-MUM-101,Thane,MUM,neighbor,False,
2025-02-07 22:00:00,26.5,1011.9,53.0,AWS-MUM-101,Thane,MUM,neighbor,False,
2025-02-07 23:00:00,25.5,1011.5,59.0,AWS-MUM-101,Thane,MUM,neighbor,False,
2025-02-08 00:00:00,24.7,1011.1,61.0,AWS-MUM-101,Thane,MUM,neighbor,False,
2025-02-08 01:00:00,23.8,1010.4,64.0,AWS-MUM-101,Thane,MUM,neighbor,False,
2025-02-08 02:00:00,23.2,1010.0,69.0,AWS-MUM-101,Thane,MUM,neighbor,False,
2025-02-08 03:00:00,22.4,1009.5,72.0,AWS-MUM-101,Thane,MUM,neighbor,False,
2025-02-08 04:00:00,21.8,1009.4,74.0,AWS-MUM-101,Thane,MUM,neighbor,False,
2025-02-08 05:00:00,21.2,1009.5,78.0,AWS-MUM-101,Thane,MUM,neighbor,False,
2025-02-08 06:00:00,21.2,1010.4,80.0,AWS-MUM-101,Thane,MUM,neighbor,False,
2025-02-08 07:00:00,21.1,1010.9,80.0,AWS-MUM-101,Thane,MUM,neighbor,False,
2025-02-08 08:00:00,23.4,1011.9,69.0,AWS-MUM-101,Thane,MUM,neighbor,False,
2025-02-08 09:00:00,26.7,1012.4,55.0,AWS-MUM-101,Thane,MUM,neighbor,False,
2025-02-08 10:00:00,30.2,1012.7,43.0,AWS-MUM-101,Thane,MUM,neighbor,False,
2025-02-08 11:00:00,33.4,1012.3,33.0,AWS-MUM-101,Thane,MUM,neighbor,False,
2025-02-08 12:00:00,35.5,1011.2,26.0,AWS-MUM-101,Thane,MUM,neighbor,False,
2025-02-08 13:00:00,36.7,,23.0,AWS-MUM-101,Thane,MUM,neighbor,True,dropout
2025-02-08 14:00:00,36.9,1008.8,24.0,AWS-MUM-101,Thane,MUM,neighbor,False,
2025-02-08 15:00:00,36.1,1008.0,28.0,AWS-MUM-101,Thane,MUM,neighbor,False,
2025-02-08 16:00:00,35.2,1008.1,30.0,AWS-MUM-101,Thane,MUM,neighbor,False,
2025-02-08 17:00:00,33.3,1008.4,32.0,AWS-MUM-101,Thane,MUM,neighbor,False,
2025-02-08 18:00:00,30.9,1009.0,40.0,AWS-MUM-101,Thane,MUM,neighbor,False,
2025-02-08 19:00:00,29.4,1009.6,44.0,AWS-MUM-101,Thane,MUM,neighbor,False,
2025-02-08 20:00:00,28.3,1010.8,47.0,AWS-MUM-101,Thane,MUM,neighbor,False,
2025-02-08 21:00:00,27.7,1011.4,47.0,AWS-MUM-101,Thane,MUM,neighbor,False,
2025-02-08 22:00:00,26.8,1011.7,49.0,AWS-MUM-101,Thane,MUM,neighbor,False,
2025-02-08 23:00:00,26.0,1011.8,52.0,AWS-MUM-101,Thane,MUM,neighbor,False,
2025-02-09 00:00:00,24.9,1011.2,57.0,AWS-MUM-101,Thane,MUM,neighbor,False,
2025-02-09 01:00:00,24.2,1010.5,59.0,AWS-MUM-101,Thane,MUM,neighbor,False,
2025-02-09 02:00:00,23.5,1009.8,62.0,AWS-MUM-101,Thane,MUM,neighbor,False,
2025-02-09 03:00:00,22.8,1009.3,65.0,AWS-MUM-101,Thane,MUM,neighbor,False,
2025-02-09 04:00:00,22.5,1009.1,65.0,AWS-MUM-101,Thane,MUM,neighbor,False,
2025-02-09 05:00:00,22.0,1009.1,66.0,AWS-MUM-101,Thane,MUM,neighbor,False,
2025-02-09 06:00:00,21.3,1010.0,75.0,AWS-MUM-101,Thane,MUM,neighbor,False,
2025-02-09 07:00:00,21.3,1010.5,73.0,AWS-MUM-101,Thane,MUM,neighbor,False,
2025-02-09 08:00:00,23.4,1011.3,62.0,AWS-MUM-101,Thane,MUM,neighbor,False,
2025-02-09 09:00:00,26.9,1011.9,47.0,AWS-MUM-101,Thane,MUM,neighbor,False,
2025-02-09 10:00:00,30.5,1012.1,37.0,AWS-MUM-101,Thane,MUM,neighbor,False,
2025-02-09 11:00:00,33.5,1011.7,31.0,AWS-MUM-101,Thane,MUM,neighbor,False,
2025-02-09 12:00:00,35.8,1010.3,24.0,AWS-MUM-101,Thane,MUM,neighbor,False,
2025-02-09 13:00:00,37.0,1008.9,22.0,AWS-MUM-101,Thane,MUM,neighbor,False,
2025-02-09 14:00:00,37.2,1007.5,22.0,AWS-MUM-101,Thane,MUM,neighbor,False,
2025-02-09 15:00:00,36.4,1007.2,25.0,AWS-MUM-101,Thane,MUM,neighbor,False,
2025-02-09 16:00:00,35.0,1007.2,26.0,AWS-MUM-101,Thane,MUM,neighbor,False,
2025-02-09 17:00:00,33.2,1007.6,27.0,AWS-MUM-101,Thane,MUM,neighbor,False,
2025-02-09 18:00:00,31.5,1008.1,30.0,AWS-MUM-101,Thane,MUM,neighbor,False,
2025-02-09 19:00:00,30.0,1008.6,33.0,AWS-MUM-101,Thane,MUM,neighbor,False,
2025-02-09 20:00:00,29.0,1010.0,34.0,AWS-MUM-101,Thane,MUM,neighbor,False,
2025-02-09 21:00:00,,1010.7,34.0,AWS-MUM-101,Thane,MUM,neighbor,True,dropout
2025-02-09 22:00:00,27.1,1010.9,36.0,AWS-MUM-101,Thane,MUM,neighbor,False,
2025-02-09 23:00:00,26.0,1011.1,40.0,AWS-MUM-101,Thane,MUM,neighbor,False,
2025-02-10 00:00:00,25.0,1010.8,44.0,AWS-MUM-101,Thane,MUM,neighbor,False,
2025-02-10 01:00:00,24.7,1010.4,44.0,AWS-MUM-101,Thane,MUM,neighbor,False,
2025-02-10 02:00:00,24.3,1010.1,45.0,AWS-MUM-101,Thane,MUM,neighbor,False,
2025-02-10 03:00:00,23.6,1009.8,48.0,AWS-MUM-101,Thane,MUM,neighbor,False,
2025-02-10 04:00:00,23.0,1009.8,50.984878407809525,AWS-MUM-101,Thane,MUM,neighbor,True,frozen_value
2025-02-10 05:00:00,22.3,1010.1,51.19663960524886,AWS-MUM-101,Thane,MUM,neighbor,True,frozen_value
2025-02-10 06:00:00,21.6,1011.0,50.83908825517154,AWS-MUM-101,Thane,MUM,neighbor,True,frozen_value
2025-02-10 07:00:00,21.3,1011.7,50.99724323204242,AWS-MUM-101,Thane,MUM,neighbor,True,frozen_value
2025-02-10 08:00:00,23.3,1012.7,51.136592721882394,AWS-MUM-101,Thane,MUM,neighbor,True,frozen_value
2025-02-10 09:00:00,26.9,1013.4,51.042309287450024,AWS-MUM-101,Thane,MUM,neighbor,True,frozen_value
2025-02-10 10:00:00,30.4,1013.9,33.0,AWS-MUM-101,Thane,MUM,neighbor,False,
2025-02-10 11:00:00,33.3,1013.3,27.0,AWS-MUM-101,Thane,MUM,neighbor,False,
2025-02-10 12:00:00,35.4,1012.1,22.0,AWS-MUM-101,Thane,MUM,neighbor,False,
2025-02-10 13:00:00,36.7,1010.6,18.0,AWS-MUM-101,Thane,MUM,neighbor,False,
2025-02-10 14:00:00,37.1,1009.5,18.0,AWS-MUM-101,Thane,MUM,neighbor,False,
2025-02-10 15:00:00,36.3,1008.9,21.0,AWS-MUM-101,Thane,MUM,neighbor,False,
2025-02-10 16:00:00,34.5,1008.8,23.0,AWS-MUM-101,Thane,MUM,neighbor,False,
2025-02-10 17:00:00,32.5,1009.3,24.0,AWS-MUM-101,Thane,MUM,neighbor,False,
2025-02-10 18:00:00,30.1,1010.1,31.0,AWS-MUM-101,Thane,MUM,neighbor,False,
2025-02-10 19:00:00,28.6,1010.7,35.0,AWS-MUM-101,Thane,MUM,neighbor,False,
2025-02-10 20:00:00,27.6,1011.8,36.0,AWS-MUM-101,Thane,MUM,neighbor,False,
2025-02-10 21:00:00,26.8,1012.4,37.0,AWS-MUM-101,Thane,MUM,neighbor,False,
2025-02-10 22:00:00,25.9,1012.6,42.0,AWS-MUM-101,Thane,MUM,neighbor,False,
2025-02-10 23:00:00,24.6,1012.9,49.0,AWS-MUM-101,Thane,MUM,neighbor,False,
2025-02-11 00:00:00,23.4,1012.5,54.0,AWS-MUM-101,Thane,MUM,neighbor,False,
2025-02-11 01:00:00,22.6,1012.0,60.0,AWS-MUM-101,Thane,MUM,neighbor,False,
2025-02-11 02:00:00,22.0,1011.2,63.0,AWS-MUM-101,Thane,MUM,neighbor,False,
2025-02-11 03:00:00,21.6,1010.8,64.0,AWS-MUM-101,Thane,MUM,neighbor,False,
2025-02-11 04:00:00,21.1,1010.7,67.0,AWS-MUM-101,Thane,MUM,neighbor,False,
2025-02-11 05:00:00,20.5,1011.0,71.0,AWS-MUM-101,Thane,MUM,neighbor,False,
2025-02-11 06:00:00,19.4,1011.8,83.0,AWS-MUM-101,Thane,MUM,neighbor,False,
2025-02-11 07:00:00,19.4,1012.5,85.0,AWS-MUM-101,Thane,MUM,neighbor,False,
2025-02-11 08:00:00,21.8,1013.4,69.0,AWS-MUM-101,Thane,MUM,neighbor,False,
2025-02-11 09:00:00,25.9,1014.1,48.0,AWS-MUM-101,Thane,MUM,neighbor,False,
2025-02-11 10:00:00,29.7,1014.3,33.0,AWS-MUM-101,Thane,MUM,neighbor,False,
2025-02-11 11:00:00,32.8,1013.8,24.0,AWS-MUM-101,Thane,MUM,neighbor,False,
2025-02-11 12:00:00,34.9,1012.8,18.0,AWS-MUM-101,Thane,MUM,neighbor,False,
2025-02-11 13:00:00,36.0,1011.5,16.0,AWS-MUM-101,Thane,MUM,neighbor,False,
2025-02-11 14:00:00,35.9,1010.5,19.0,AWS-MUM-101,Thane,MUM,neighbor,False,
2025-02-11 15:00:00,34.8,1009.9,22.0,AWS-MUM-101,Thane,MUM,neighbor,False,
2025-02-11 16:00:00,33.3,1009.8,24.0,AWS-MUM-101,Thane,MUM,neighbor,False,
2025-02-11 17:00:00,31.5,1010.1,26.0,AWS-MUM-101,Thane,MUM,neighbor,False,
2025-02-11 18:00:00,29.2,1010.6,33.0,AWS-MUM-101,Thane,MUM,neighbor,False,
2025-02-11 19:00:00,27.2,1011.5,39.0,AWS-MUM-101,Thane,MUM,neighbor,False,
2025-02-11 20:00:00,26.1,1012.2,42.0,AWS-MUM-101,Thane,MUM,neighbor,False,
2025-02-11 21:00:00,25.4,1012.7,41.0,AWS-MUM-101,Thane,MUM,neighbor,False,
2025-02-11 22:00:00,24.5,1012.9,42.0,AWS-MUM-101,Thane,MUM,neighbor,False,
2025-02-11 23:00:00,23.5,1013.0,45.0,AWS-MUM-101,Thane,MUM,neighbor,False,
2025-02-12 00:00:00,22.4,1012.6,49.0,AWS-MUM-101,Thane,MUM,neighbor,False,
2025-02-12 01:00:00,21.7,1012.2,51.0,AWS-MUM-101,Thane,MUM,neighbor,False,
2025-02-12 02:00:00,21.0,1011.7,53.0,AWS-MUM-101,Thane,MUM,neighbor,False,
2025-02-12 03:00:00,20.4,1011.3,57.0,AWS-MUM-101,Thane,MUM,neighbor,False,
2025-02-12 04:00:00,19.7,1011.3,62.0,AWS-MUM-101,Thane,MUM,neighbor,False,
2025-02-12 05:00:00,18.9,1011.8,68.0,AWS-MUM-101,Thane,MUM,neighbor,False,
2025-02-12 06:00:00,18.1,1012.6,78.0,AWS-MUM-101,Thane,MUM,neighbor,False,
2025-02-12 07:00:00,17.9,1013.5,82.0,AWS-MUM-101,Thane,MUM,neighbor,False,
2025-02-12 08:00:00,20.0,1014.3,69.0,AWS-MUM-101,Thane,MUM,neighbor,False,
2025-02-12 09:00:00,24.3,1015.1,47.0,AWS-MUM-101,Thane,MUM,neighbor,False,
2025-02-12 10:00:00,28.5,1015.1,31.0,AWS-MUM-101,Thane,MUM,neighbor,False,
2025-02-12 11:00:00,31.4,1014.3,25.0,AWS-MUM-101,Thane,MUM,neighbor,False,
2025-02-12 12:00:00,33.4,1013.0,21.0,AWS-MUM-101,Thane,MUM,neighbor,False,
2025-02-12 13:00:00,34.8,1011.7,18.0,AWS-MUM-101,Thane,MUM,neighbor,False,
2025-02-12 14:00:00,35.7,1010.4,16.0,AWS-MUM-101,Thane,MUM,neighbor,False,
2025-02-12 15:00:00,35.9,1009.4,16.0,AWS-MUM-101,Thane,MUM,neighbor,False,
2025-02-12 16:00:00,35.7,1009.1,16.0,AWS-MUM-101,Thane,MUM,neighbor,False,
2025-02-12 17:00:00,34.5,1009.3,18.0,AWS-MUM-101,Thane,MUM,neighbor,False,
2025-02-12 18:00:00,31.3,1010.2,30.0,AWS-MUM-101,Thane,MUM,neighbor,False,
2025-02-12 19:00:00,28.5,,45.0,AWS-MUM-101,Thane,MUM,neighbor,True,dropout
2025-02-12 20:00:00,27.2,1011.5,50.0,AWS-MUM-101,Thane,MUM,neighbor,False,
2025-02-12 21:00:00,26.3,1011.9,50.0,AWS-MUM-101,Thane,MUM,neighbor,False,
2025-02-12 22:00:00,25.5,1012.2,51.0,AWS-MUM-101,Thane,MUM,neighbor,False,
2025-02-12 23:00:00,24.9,1012.2,50.0,AWS-MUM-101,Thane,MUM,neighbor,False,
2025-02-13 00:00:00,24.6,1011.6,48.0,AWS-MUM-101,Thane,MUM,neighbor,False,
2025-02-13 01:00:00,24.2,1011.1,45.0,AWS-MUM-101,Thane,MUM,neighbor,False,
2025-02-13 02:00:00,23.4,1010.8,46.0,AWS-MUM-101,Thane,MUM,neighbor,False,
2025-02-13 03:00:00,22.4,1010.3,48.0,AWS-MUM-101,Thane,MUM,neighbor,False,
2025-02-13 04:00:00,21.7,1010.4,50.0,AWS-MUM-101,Thane,MUM,neighbor,False,
2025-02-13 05:00:00,21.0,1010.7,52.0,AWS-MUM-101,Thane,MUM,neighbor,False,
2025-02-13 06:00:00,-5.710679451929835,1011.5,62.0,AWS-MUM-101,Thane,MUM,neighbor,True,spike
2025-02-13 07:00:00,19.5,1012.2,64.0,AWS-MUM-101,Thane,MUM,neighbor,False,
2025-02-13 08:00:00,21.2,1013.2,57.0,AWS-MUM-101,Thane,MUM,neighbor,False,
2025-02-13 09:00:00,24.7,1013.7,43.0,AWS-MUM-101,Thane,MUM,neighbor,False,
2025-02-13 10:00:00,28.6,1014.1,34.0,AWS-MUM-101,Thane,MUM,neighbor,False,
2025-02-13 11:00:00,32.2,1013.5,25.0,AWS-MUM-101,Thane,MUM,neighbor,False,
2025-02-13 12:00:00,34.8,1012.3,18.0,AWS-MUM-101,Thane,MUM,neighbor,False,
2025-02-13 13:00:00,36.4,1011.0,13.0,AWS-MUM-101,Thane,MUM,neighbor,False,
2025-02-13 14:00:00,37.3,1009.8,14.0,AWS-MUM-101,Thane,MUM,neighbor,False,
2025-02-13 15:00:00,37.8,1008.8,14.0,AWS-MUM-101,Thane,MUM,neighbor,False,
2025-02-13 16:00:00,37.3,1008.4,14.0,AWS-MUM-101,Thane,MUM,neighbor,False,
2025-02-13 17:00:00,34.9,1008.5,22.0,AWS-MUM-101,Thane,MUM,neighbor,False,
2025-02-13 18:00:00,31.5,1009.4,38.0,AWS-MUM-101,Thane,MUM,neighbor,False,
2025-02-13 19:00:00,29.9,1009.8,38.0,AWS-MUM-101,Thane,MUM,neighbor,False,
2025-02-13 20:00:00,28.9,1010.8,36.0,AWS-MUM-101,Thane,MUM,neighbor,False,
2025-02-13 21:00:00,28.1,1011.5,37.0,AWS-MUM-101,Thane,MUM,neighbor,False,
2025-02-13 22:00:00,27.6,1011.6,,AWS-MUM-101,Thane,MUM,neighbor,True,dropout
2025-02-13 23:00:00,27.4,1011.3,35.0,AWS-MUM-101,Thane,MUM,neighbor,False,
2025-02-14 00:00:00,26.8,1010.8,33.0,AWS-MUM-101,Thane,MUM,neighbor,False,
2025-02-14 01:00:00,26.0,1010.5,35.0,AWS-MUM-101,Thane,MUM,neighbor,False,
2025-02-14 02:00:00,25.2,1010.1,38.0,AWS-MUM-101,Thane,MUM,neighbor,False,
2025-02-14 03:00:00,24.5,1009.9,41.0,AWS-MUM-101,Thane,MUM,neighbor,False,
2025-02-14 04:00:00,23.9,1010.1,44.0,AWS-MUM-101,Thane,MUM,neighbor,False,
2025-02-14 05:00:00,23.3,1010.3,46.0,AWS-MUM-101,Thane,MUM,neighbor,False,
2025-02-14 06:00:00,21.2,1011.4,59.0,AWS-MUM-101,Thane,MUM,neighbor,False,
2025-02-14 07:00:00,20.8,1012.1,61.0,AWS-MUM-101,Thane,MUM,neighbor,False,
2025-02-14 08:00:00,22.8,1012.9,53.0,AWS-MUM-101,Thane,MUM,neighbor,False,
2025-02-14 09:00:00,26.5,1013.6,40.0,AWS-MUM-101,Thane,MUM,neighbor,False,
2025-02-14 10:00:00,30.4,1013.8,29.0,AWS-MUM-101,Thane,MUM,neighbor,False,
2025-02-14 11:00:00,33.5,1013.2,22.0,AWS-MUM-101,Thane,MUM,neighbor,False,
2025-02-14 12:00:00,35.6,1011.8,16.0,AWS-MUM-101,Thane,MUM,neighbor,False,
2025-02-14 13:00:00,37.0,1010.4,14.0,AWS-MUM-101,Thane,MUM,neighbor,False,
2025-02-14 14:00:00,37.7,1009.1,14.0,AWS-MUM-101,Thane,MUM,neighbor,False,
2025-02-14 15:00:00,38.0,1008.0,14.0,AWS-MUM-101,Thane,MUM,neighbor,False,
2025-02-14 16:00:00,37.2,1007.8,15.0,AWS-MUM-101,Thane,MUM,neighbor,False,
2025-02-14 17:00:00,34.3,1008.1,136.8179583168947,AWS-MUM-101,Thane,MUM,neighbor,True,spike
2025-02-14 18:00:00,31.5,1008.6,32.0,AWS-MUM-101,Thane,MUM,neighbor,False,
2025-02-14 19:00:00,30.4,1009.4,31.0,AWS-MUM-101,Thane,MUM,neighbor,False,
2025-02-14 20:00:00,29.6,1010.3,29.0,AWS-MUM-101,Thane,MUM,neighbor,False,
2025-02-14 21:00:00,28.9,1011.1,29.0,AWS-MUM-101,Thane,MUM,neighbor,False,
2025-02-14 22:00:00,28.0,1011.6,32.0,AWS-MUM-101,Thane,MUM,neighbor,False,
2025-02-14 23:00:00,27.6,1011.5,33.0,AWS-MUM-101,Thane,MUM,neighbor,False,
2025-02-15 00:00:00,27.1,1011.0,33.0,AWS-MUM-101,Thane,MUM,neighbor,False,
2025-02-15 01:00:00,26.3,1010.4,34.0,AWS-MUM-101,Thane,MUM,neighbor,False,
2025-02-15 02:00:00,25.3,1009.8,36.0,AWS-MUM-101,Thane,MUM,neighbor,False,
2025-02-15 03:00:00,24.2,1009.5,40.0,AWS-MUM-101,Thane,MUM,neighbor,False,
2025-02-15 04:00:00,23.3,1009.4,43.0,AWS-MUM-101,Thane,MUM,neighbor,False,
2025-02-15 05:00:00,22.5,1009.5,47.0,AWS-MUM-101,Thane,MUM,neighbor,False,
2025-02-15 06:00:00,20.2,1010.5,64.0,AWS-MUM-101,Thane,MUM,neighbor,False,
2025-02-15 07:00:00,20.0,1011.5,67.0,AWS-MUM-101,Thane,MUM,neighbor,False,
2025-02-15 08:00:00,22.4,1012.3,56.0,AWS-MUM-101,Thane,MUM,neighbor,False,
2025-02-15 09:00:00,26.5,1012.6,40.0,AWS-MUM-101,Thane,MUM,neighbor,False,
2025-02-15 10:00:00,30.6,1012.5,29.0,AWS-MUM-101,Thane,MUM,neighbor,False,
2025-02-15 11:00:00,33.9,1011.8,21.0,AWS-MUM-101,Thane,MUM,neighbor,False,
2025-02-15 12:00:00,36.1,1010.6,15.0,AWS-MUM-101,Thane,MUM,neighbor,False,
2025-02-15 13:00:00,37.5,1009.3,12.0,AWS-MUM-101,Thane,MUM,neighbor,False,
2025-02-15 14:00:00,38.2,1007.9,12.0,AWS-MUM-101,Thane,MUM,neighbor,False,
2025-02-15 15:00:00,38.2,1007.1,11.0,AWS-MUM-101,Thane,MUM,neighbor,False,
2025-02-15 16:00:00,37.0,1007.1,13.0,AWS-MUM-101,Thane,MUM,neighbor,False,
2025-02-15 17:00:00,35.2,1007.6,-60.99507887253426,AWS-MUM-101,Thane,MUM,neighbor,True,spike
2025-02-15 18:00:00,32.7,1008.4,21.0,AWS-MUM-101,Thane,MUM,neighbor,False,
2025-02-15 19:00:00,30.5,1008.9,22.0,AWS-MUM-101,Thane,MUM,neighbor,False,
2025-02-15 20:00:00,29.1,1009.7,23.0,AWS-MUM-101,Thane,MUM,neighbor,False,
2025-02-15 21:00:00,28.0,1010.2,23.0,AWS-MUM-101,Thane,MUM,neighbor,False,
2025-02-15 22:00:00,26.2,1010.2,26.0,AWS-MUM-101,Thane,MUM,neighbor,False,
2025-02-15 23:00:00,25.4,1010.4,29.0,AWS-MUM-101,Thane,MUM,neighbor,False,
2025-02-16 00:00:00,23.8,1009.9,35.0,AWS-MUM-101,Thane,MUM,neighbor,False,
2025-02-16 01:00:00,22.9,1009.6,39.0,AWS-MUM-101,Thane,MUM,neighbor,False,
2025-02-16 02:00:00,22.4,1009.1,39.0,AWS-MUM-101,Thane,MUM,neighbor,False,
2025-02-16 03:00:00,21.4,1008.9,44.0,AWS-MUM-101,Thane,MUM,neighbor,False,
2025-02-16 04:00:00,20.9,1009.1,49.0,AWS-MUM-101,Thane,MUM,neighbor,False,
2025-02-16 05:00:00,20.1,1009.5,55.0,AWS-MUM-101,Thane,MUM,neighbor,False,
2025-02-16 06:00:00,19.2,1010.6,67.0,AWS-MUM-101,Thane,MUM,neighbor,False,
2025-02-16 07:00:00,19.1,1011.2,69.0,AWS-MUM-101,Thane,MUM,neighbor,False,
2025-02-16 08:00:00,21.8,1012.2,57.0,AWS-MUM-101,Thane,MUM,neighbor,False,
2025-02-16 09:00:00,26.8,1013.0,37.0,AWS-MUM-101,Thane,MUM,neighbor,False,
2025-02-16 10:00:00,31.1,1013.1,26.0,AWS-MUM-101,Thane,MUM,neighbor,False,
2025-02-16 11:00:00,34.0,1012.3,18.0,AWS-MUM-101,Thane,MUM,neighbor,False,
2025-02-16 12:00:00,35.7,1011.2,15.0,AWS-MUM-101,Thane,MUM,neighbor,False,
2025-02-16 13:00:00,36.8,1009.9,13.0,AWS-MUM-101,Thane,MUM,neighbor,False,
2025-02-16 14:00:00,37.2,1008.7,13.0,AWS-MUM-101,Thane,MUM,neighbor,False,
2025-02-16 15:00:00,36.4,1008.3,17.0,AWS-MUM-101,Thane,MUM,neighbor,False,
2025-02-16 16:00:00,34.8,1008.5,21.0,AWS-MUM-101,Thane,MUM,neighbor,False,
2025-02-16 17:00:00,33.0,1009.0,22.0,AWS-MUM-101,Thane,MUM,neighbor,False,
2025-02-16 18:00:00,30.5,1009.7,26.0,AWS-MUM-101,Thane,MUM,neighbor,False,
2025-02-16 19:00:00,28.5,1010.2,31.0,AWS-MUM-101,Thane,MUM,neighbor,False,
2025-02-16 20:00:00,27.4,1011.3,32.0,AWS-MUM-101,Thane,MUM,neighbor,False,
2025-02-16 21:00:00,26.6,1011.7,32.0,AWS-MUM-101,Thane,MUM,neighbor,False,
2025-02-16 22:00:00,25.3,1011.9,35.0,AWS-MUM-101,Thane,MUM,neighbor,False,
2025-02-16 23:00:00,24.1,1012.2,39.0,AWS-MUM-101,Thane,MUM,neighbor,False,
2025-02-17 00:00:00,23.2,1011.9,46.0,AWS-MUM-101,Thane,MUM,neighbor,False,
2025-02-17 01:00:00,22.1,1011.5,54.0,AWS-MUM-101,Thane,MUM,neighbor,False,
2025-02-17 02:00:00,21.3,1011.0,63.0,AWS-MUM-101,Thane,MUM,neighbor,False,
2025-02-17 03:00:00,20.5,1010.4,67.0,AWS-MUM-101,Thane,MUM,neighbor,False,
2025-02-17 04:00:00,19.9,1010.4,70.0,AWS-MUM-101,Thane,MUM,neighbor,False,
2025-02-17 05:00:00,19.4,1010.3,73.0,AWS-MUM-101,Thane,MUM,neighbor,False,
2025-02-17 06:00:00,19.1,1011.3,78.0,AWS-MUM-101,Thane,MUM,neighbor,False,
2025-02-17 07:00:00,19.1,1012.2,79.0,AWS-MUM-101,Thane,MUM,neighbor,False,
2025-02-17 08:00:00,22.0,1013.1,65.0,AWS-MUM-101,Thane,MUM,neighbor,False,
2025-02-17 09:00:00,27.1,1013.5,39.0,AWS-MUM-101,Thane,MUM,neighbor,False,
2025-02-17 10:00:00,31.1,1013.5,25.0,AWS-MUM-101,Thane,MUM,neighbor,False,
2025-02-17 11:00:00,33.8,1013.0,22.0,AWS-MUM-101,Thane,MUM,neighbor,False,
2025-02-17 12:00:00,35.6,1011.7,19.0,AWS-MUM-101,Thane,MUM,neighbor,False,
2025-02-17 13:00:00,37.0,1010.4,17.0,AWS-MUM-101,Thane,MUM,neighbor,False,
2025-02-17 14:00:00,37.7,1009.4,15.0,AWS-MUM-101,Thane,MUM,neighbor,False,
2025-02-17 15:00:00,37.1,1008.7,18.0,AWS-MUM-101,Thane,MUM,neighbor,False,
2025-02-17 16:00:00,35.6,1008.6,23.0,AWS-MUM-101,Thane,MUM,neighbor,False,
2025-02-17 17:00:00,33.8,1009.0,28.0,AWS-MUM-101,Thane,MUM,neighbor,False,
2025-02-17 18:00:00,31.1,1009.6,33.0,AWS-MUM-101,Thane,MUM,neighbor,False,
2025-02-17 19:00:00,29.2,1010.1,35.0,AWS-MUM-101,Thane,MUM,neighbor,False,
2025-02-17 20:00:00,28.3,1011.0,37.0,AWS-MUM-101,Thane,MUM,neighbor,False,
2025-02-17 21:00:00,27.6,1011.8,38.0,AWS-MUM-101,Thane,MUM,neighbor,False,
2025-02-17 22:00:00,26.8,1012.3,38.0,AWS-MUM-101,Thane,MUM,neighbor,False,
2025-02-17 23:00:00,26.3,1012.2,38.0,AWS-MUM-101,Thane,MUM,neighbor,False,
2025-02-18 00:00:00,25.3,1011.8,40.0,AWS-MUM-101,Thane,MUM,neighbor,False,
2025-02-18 01:00:00,24.3,1011.4,43.0,AWS-MUM-101,Thane,MUM,neighbor,False,
2025-02-18 02:00:00,23.2,1010.9,47.0,AWS-MUM-101,Thane,MUM,neighbor,False,
2025-02-18 03:00:00,22.3,1010.4,52.0,AWS-MUM-101,Thane,MUM,neighbor,False,
2025-02-18 04:00:00,21.7,1010.2,56.0,AWS-MUM-101,Thane,MUM,neighbor,False,
2025-02-18 05:00:00,21.1,1010.2,60.0,AWS-MUM-101,Thane,MUM,neighbor,False,
2025-02-18 06:00:00,20.7,1011.5,63.0,AWS-MUM-101,Thane,MUM,neighbor,False,
2025-02-18 07:00:00,20.5,1012.2,65.0,AWS-MUM-101,Thane,MUM,neighbor,False,
2025-02-18 08:00:00,22.9,1013.0,57.0,AWS-MUM-101,Thane,MUM,neighbor,False,
2025-02-18 09:00:00,26.9,1013.5,42.0,AWS-MUM-101,Thane,MUM,neighbor,False,
2025-02-18 10:00:00,30.9,1013.6,30.0,AWS-MUM-101,Thane,MUM,neighbor,False,
2025-02-18 11:00:00,33.9,1013.2,24.0,AWS-MUM-101,Thane,MUM,neighbor,False,
2025-02-18 12:00:00,36.0,1011.8,19.0,AWS-MUM-101,Thane,MUM,neighbor,False,
2025-02-18 13:00:00,37.5,1010.4,15.0,AWS-MUM-101,Thane,MUM,neighbor,False,
2025-02-18 14:00:00,38.2,1009.2,12.0,AWS-MUM-101,Thane,MUM,neighbor,False,
2025-02-18 15:00:00,37.0,1008.4,18.0,AWS-MUM-101,Thane,MUM,neighbor,False,
2025-02-18 16:00:00,34.3,1008.6,28.0,AWS-MUM-101,Thane,MUM,neighbor,False,
2025-02-18 17:00:00,33.4,1009.0,29.0,AWS-MUM-101,Thane,MUM,neighbor,False,
2025-02-18 18:00:00,31.3,1009.6,33.0,AWS-MUM-101,Thane,MUM,neighbor,False,
2025-02-18 19:00:00,29.9,1009.8,34.0,AWS-MUM-101,Thane,MUM,neighbor,False,
2025-02-18 20:00:00,28.9,1010.7,36.0,AWS-MUM-101,Thane,MUM,neighbor,False,
2025-02-18 21:00:00,28.4,1011.2,36.0,AWS-MUM-101,Thane,MUM,neighbor,False,
2025-02-18 22:00:00,27.9,1011.5,35.0,AWS-MUM-101,Thane,MUM,neighbor,False,
2025-02-18 23:00:00,27.0,1011.4,36.0,AWS-MUM-101,Thane,MUM,neighbor,False,
2025-02-19 00:00:00,25.9,1010.8,40.0,AWS-MUM-101,Thane,MUM,neighbor,False,
2025-02-19 01:00:00,25.0,1010.1,43.0,AWS-MUM-101,Thane,MUM,neighbor,False,
2025-02-19 02:00:00,24.5,1009.6,44.0,AWS-MUM-101,Thane,MUM,neighbor,False,
2025-02-19 03:00:00,24.0,1009.4,44.0,AWS-MUM-101,Thane,MUM,neighbor,False,
2025-02-19 04:00:00,23.6,1009.2,44.0,AWS-MUM-101,Thane,MUM,neighbor,False,
2025-02-19 05:00:00,23.0,1009.5,46.0,AWS-MUM-101,Thane,MUM,neighbor,False,
2025-02-19 06:00:00,20.7,1010.4,64.0,AWS-MUM-101,Thane,MUM,neighbor,False,
2025-02-19 07:00:00,20.5,1011.1,66.0,AWS-MUM-101,Thane,MUM,neighbor,False,
2025-02-19 08:00:00,23.0,1011.9,58.0,AWS-MUM-101,Thane,MUM,neighbor,False,
2025-02-19 09:00:00,27.6,1012.4,41.0,AWS-MUM-101,Thane,MUM,neighbor,False,
2025-02-19 10:00:00,31.6,1012.6,28.0,AWS-MUM-101,Thane,MUM,neighbor,False,
2025-02-19 11:00:00,33.7,1012.0,23.0,AWS-MUM-101,Thane,MUM,neighbor,False,
2025-02-19 12:00:00,34.9,1010.8,20.0,AWS-MUM-101,Thane,MUM,neighbor,False,
2025-02-19 13:00:00,35.8,1009.5,19.0,AWS-MUM-101,Thane,MUM,neighbor,False,
2025-02-19 14:00:00,36.5,1008.5,18.0,AWS-MUM-101,Thane,MUM,neighbor,False,
2025-02-19 15:00:00,36.3,1007.6,20.0,AWS-MUM-101,Thane,MUM,neighbor,False,
2025-02-19 16:00:00,35.2,1007.5,23.0,AWS-MUM-101,Thane,MUM,neighbor,False,
2025-02-19 17:00:00,33.7,1008.1,25.0,AWS-MUM-101,Thane,MUM,neighbor,False,
2025-02-19 18:00:00,31.2,1008.6,32.0,AWS-MUM-101,Thane,MUM,neighbor,False,
2025-02-19 19:00:00,29.5,1009.2,32.0,AWS-MUM-101,Thane,MUM,neighbor,False,
2025-02-19 20:00:00,28.5,1010.0,33.0,AWS-MUM-101,Thane,MUM,neighbor,False,
2025-02-19 21:00:00,27.7,1010.3,33.0,AWS-MUM-101,Thane,MUM,neighbor,False,
2025-02-19 22:00:00,26.7,1010.6,36.0,AWS-MUM-101,Thane,MUM,neighbor,False,
2025-02-19 23:00:00,25.3,1010.6,40.0,AWS-MUM-101,Thane,MUM,neighbor,False,
2025-02-20 00:00:00,24.2,1010.4,44.0,AWS-MUM-101,Thane,MUM,neighbor,False,
2025-02-20 01:00:00,23.4,1010.0,46.0,AWS-MUM-101,Thane,MUM,neighbor,False,
2025-02-20 02:00:00,23.0,1009.4,47.0,AWS-MUM-101,Thane,MUM,neighbor,False,
2025-02-20 03:00:00,22.9,1009.0,48.0,AWS-MUM-101,Thane,MUM,neighbor,False,
2025-02-20 04:00:00,22.5,1008.9,50.0,AWS-MUM-101,Thane,MUM,neighbor,False,
2025-02-20 05:00:00,21.5,1009.3,56.0,AWS-MUM-101,Thane,MUM,neighbor,False,
2025-02-20 06:00:00,20.0,1010.5,72.0,AWS-MUM-101,Thane,MUM,neighbor,False,
2025-02-20 07:00:00,19.9,1011.4,74.0,AWS-MUM-101,Thane,MUM,neighbor,False,
2025-02-20 08:00:00,22.5,1012.2,60.0,AWS-MUM-101,Thane,MUM,neighbor,False,
2025-02-20 09:00:00,27.4,1012.9,41.0,AWS-MUM-101,Thane,MUM,neighbor,False,
2025-02-20 10:00:00,31.5,1013.1,28.0,AWS-MUM-101,Thane,MUM,neighbor,False,
2025-02-20 11:00:00,33.9,1012.8,22.0,AWS-MUM-101,Thane,MUM,neighbor,False,
2025-02-20 12:00:00,35.3,1011.6,19.0,AWS-MUM-101,Thane,MUM,neighbor,False,
2025-02-20 13:00:00,36.5,1010.4,16.0,AWS-MUM-101,Thane,MUM,neighbor,False,
2025-02-20 14:00:00,37.3,1009.3,15.0,AWS-MUM-101,Thane,MUM,neighbor,False,
2025-02-20 15:00:00,37.5,1008.4,14.0,AWS-MUM-101,Thane,MUM,neighbor,False,
2025-02-20 16:00:00,37.1,1008.0,14.0,AWS-MUM-101,Thane,MUM,neighbor,False,
2025-02-20 17:00:00,36.0,1008.4,15.0,AWS-MUM-101,Thane,MUM,neighbor,False,
2025-02-20 18:00:00,32.6,1008.8,28.0,AWS-MUM-101,Thane,MUM,neighbor,False,
2025-02-20 19:00:00,30.7,1009.7,33.0,AWS-MUM-101,Thane,MUM,neighbor,False,
2025-02-20 20:00:00,29.7,1010.5,33.0,AWS-MUM-101,Thane,MUM,neighbor,False,
2025-02-20 21:00:00,29.0,1011.2,31.0,AWS-MUM-101,Thane,MUM,neighbor,False,
2025-02-20 22:00:00,28.3,1011.9,30.0,AWS-MUM-101,Thane,MUM,neighbor,False,
2025-02-20 23:00:00,28.1,1011.9,30.0,AWS-MUM-101,Thane,MUM,neighbor,False,
2025-02-21 00:00:00,27.8,1011.6,30.0,AWS-MUM-101,Thane,MUM,neighbor,False,
2025-02-21 01:00:00,27.3,1011.3,30.0,AWS-MUM-101,Thane,MUM,neighbor,False,
2025-02-21 02:00:00,26.9,1010.7,30.0,AWS-MUM-101,Thane,MUM,neighbor,False,
2025-02-21 03:00:00,26.5,1010.2,30.0,AWS-MUM-101,Thane,MUM,neighbor,False,
2025-02-21 04:00:00,25.6,1010.5,33.0,AWS-MUM-101,Thane,MUM,neighbor,False,
2025-02-21 05:00:00,24.9,1010.7,35.0,AWS-MUM-101,Thane,MUM,neighbor,False,
2025-02-21 06:00:00,23.8,1011.7,43.0,AWS-MUM-101,Thane,MUM,neighbor,False,
2025-02-21 07:00:00,23.5,1012.5,44.0,AWS-MUM-101,Thane,MUM,neighbor,False,
2025-02-21 08:00:00,25.2,1013.5,42.0,AWS-MUM-101,Thane,MUM,neighbor,False,
2025-02-21 09:00:00,28.3,1014.0,34.0,AWS-MUM-101,Thane,MUM,neighbor,False,
2025-02-21 10:00:00,32.0,1014.2,26.0,AWS-MUM-101,Thane,MUM,neighbor,False,
2025-02-21 11:00:00,35.0,1013.7,20.0,AWS-MUM-101,Thane,MUM,neighbor,False,
2025-02-21 12:00:00,36.8,1012.5,17.0,AWS-MUM-101,Thane,MUM,neighbor,False,
2025-02-21 13:00:00,38.0,1011.4,16.0,AWS-MUM-101,Thane,MUM,neighbor,False,
2025-02-21 14:00:00,38.7,1010.1,14.0,AWS-MUM-101,Thane,MUM,neighbor,False,
2025-02-21 15:00:00,39.0,1009.0,14.0,AWS-MUM-101,Thane,MUM,neighbor,False,
2025-02-21 16:00:00,38.5,1008.6,13.0,AWS-MUM-101,Thane,MUM,neighbor,False,
2025-02-21 17:00:00,36.4,1008.9,19.0,AWS-MUM-101,Thane,MUM,neighbor,False,
2025-02-21 18:00:00,33.6,1009.8,31.0,AWS-MUM-101,Thane,MUM,neighbor,False,
2025-02-21 19:00:00,31.9,1010.7,34.0,AWS-MUM-101,Thane,MUM,neighbor,False,
2025-02-21 20:00:00,30.7,1011.7,33.0,AWS-MUM-101,Thane,MUM,neighbor,False,
2025-02-21 21:00:00,29.7,1012.6,34.0,AWS-MUM-101,Thane,MUM,neighbor,False,
2025-02-21 22:00:00,28.8,1012.8,36.0,AWS-MUM-101,Thane,MUM,neighbor,False,
2025-02-21 23:00:00,28.4,1012.4,35.0,AWS-MUM-101,Thane,MUM,neighbor,False,
2025-02-22 00:00:00,28.3,1011.8,31.0,AWS-MUM-101,Thane,MUM,neighbor,False,
2025-02-22 01:00:00,27.9,1011.3,30.0,AWS-MUM-101,Thane,MUM,neighbor,False,
2025-02-22 02:00:00,27.1,1011.2,31.0,AWS-MUM-101,Thane,MUM,neighbor,False,
2025-02-22 03:00:00,26.2,1010.8,33.0,AWS-MUM-101,Thane,MUM,neighbor,False,
2025-02-22 04:00:00,25.3,1010.8,35.0,AWS-MUM-101,Thane,MUM,neighbor,False,
2025-02-22 05:00:00,24.2,1011.1,39.0,AWS-MUM-101,Thane,MUM,neighbor,False,
2025-02-22 06:00:00,23.1,1011.5,46.0,AWS-MUM-101,Thane,MUM,neighbor,False,
2025-02-22 07:00:00,22.7,1012.2,48.0,AWS-MUM-101,Thane,MUM,neighbor,False,
2025-02-22 08:00:00,24.6,1013.1,43.0,AWS-MUM-101,Thane,MUM,neighbor,False,
2025-02-22 09:00:00,28.1,1013.9,34.0,AWS-MUM-101,Thane,MUM,neighbor,False,
2025-02-22 10:00:00,32.2,1014.1,25.0,AWS-MUM-101,Thane,MUM,neighbor,False,
2025-02-22 11:00:00,35.6,1013.9,19.0,AWS-MUM-101,Thane,MUM,neighbor,False,
2025-02-22 12:00:00,37.8,1012.8,14.0,AWS-MUM-101,Thane,MUM,neighbor,False,
2025-02-22 13:00:00,38.9,1011.5,13.0,AWS-MUM-101,Thane,MUM,neighbor,False,
2025-02-22 14:00:00,39.1,1010.5,13.0,AWS-MUM-101,Thane,MUM,neighbor,False,
2025-02-22 15:00:00,38.3,1009.6,16.0,AWS-MUM-101,Thane,MUM,neighbor,False,
2025-02-22 16:00:00,36.4,1009.5,24.0,AWS-MUM-101,Thane,MUM,neighbor,False,
2025-02-22 17:00:00,34.6,1009.8,30.0,AWS-MUM-101,Thane,MUM,neighbor,False,
2025-02-22 18:00:00,30.2,1010.4,42.0,AWS-MUM-101,Thane,MUM,neighbor,False,
2025-02-22 19:00:00,29.9,1011.1,38.0,AWS-MUM-101,Thane,MUM,neighbor,False,
2025-02-22 20:00:00,29.9,1012.2,34.0,AWS-MUM-101,Thane,MUM,neighbor,False,
2025-02-22 21:00:00,29.1,1012.9,33.0,AWS-MUM-101,Thane,MUM,neighbor,False,
2025-02-22 22:00:00,28.5,1013.2,34.0,AWS-MUM-101,Thane,MUM,neighbor,False,
2025-02-22 23:00:00,27.8,1013.1,35.0,AWS-MUM-101,Thane,MUM,neighbor,False,
2025-02-23 00:00:00,27.2,1012.9,35.0,AWS-MUM-101,Thane,MUM,neighbor,False,
2025-02-23 01:00:00,26.5,1012.3,35.0,AWS-MUM-101,Thane,MUM,neighbor,False,
2025-02-23 02:00:00,25.7,1011.9,36.0,AWS-MUM-101,Thane,MUM,neighbor,False,
2025-02-23 03:00:00,24.8,1011.5,38.0,AWS-MUM-101,Thane,MUM,neighbor,False,
2025-02-23 04:00:00,24.1,1011.4,41.0,AWS-MUM-101,Thane,MUM,neighbor,False,
2025-02-23 05:00:00,23.3,1011.5,44.0,AWS-MUM-101,Thane,MUM,neighbor,False,
2025-02-23 06:00:00,22.3,1012.1,55.0,AWS-MUM-101,Thane,MUM,neighbor,False,
2025-02-23 07:00:00,22.0,1013.0,55.0,AWS-MUM-101,Thane,MUM,neighbor,False,
2025-02-23 08:00:00,24.1,1013.7,48.0,AWS-MUM-101,Thane,MUM,neighbor,False,
2025-02-23 09:00:00,28.1,1014.5,35.0,AWS-MUM-101,Thane,MUM,neighbor,False,
2025-02-23 10:00:00,32.6,1014.7,25.0,AWS-MUM-101,Thane,MUM,neighbor,False,
2025-02-23 11:00:00,35.8,1014.1,18.0,AWS-MUM-101,Thane,MUM,neighbor,False,
2025-02-23 12:00:00,37.6,1012.9,15.0,AWS-MUM-101,Thane,MUM,neighbor,False,
2025-02-23 13:00:00,38.6,1011.7,14.0,AWS-MUM-101,Thane,MUM,neighbor,False,
2025-02-23 14:00:00,39.3,1010.2,12.0,AWS-MUM-101,Thane,MUM,neighbor,False,
2025-02-23 15:00:00,39.2,1009.3,11.0,AWS-MUM-101,Thane,MUM,neighbor,False,
2025-02-23 16:00:00,38.1,1009.2,12.0,AWS-MUM-101,Thane,MUM,neighbor,False,
2025-02-23 17:00:00,36.5,1009.6,16.0,AWS-MUM-101,Thane,MUM,neighbor,False,
2025-02-23 18:00:00,32.9,1010.3,29.0,AWS-MUM-101,Thane,MUM,neighbor,False,
2025-02-23 19:00:00,31.3,1011.0,30.0,AWS-MUM-101,Thane,MUM,neighbor,False,
2025-02-23 20:00:00,30.6,1011.8,28.0,AWS-MUM-101,Thane,MUM,neighbor,False,
2025-02-23 21:00:00,29.8,1012.7,29.0,AWS-MUM-101,Thane,MUM,neighbor,False,
2025-02-23 22:00:00,29.0,1012.6,31.0,AWS-MUM-101,Thane,MUM,neighbor,False,
2025-02-23 23:00:00,28.1,1012.3,33.0,AWS-MUM-101,Thane,MUM,neighbor,False,
2025-02-24 00:00:00,26.7,1012.0,36.0,AWS-MUM-101,Thane,MUM,neighbor,False,
2025-02-24 01:00:00,25.7,1011.7,39.0,AWS-MUM-101,Thane,MUM,neighbor,False,
2025-02-24 02:00:00,24.9,1011.3,41.0,AWS-MUM-101,Thane,MUM,neighbor,False,
2025-02-24 03:00:00,24.5,1011.0,40.0,AWS-MUM-101,Thane,MUM,neighbor,False,
2025-02-24 04:00:00,23.7,1011.0,42.0,AWS-MUM-101,Thane,MUM,neighbor,False,
2025-02-24 05:00:00,23.0,1011.3,44.0,AWS-MUM-101,Thane,MUM,neighbor,False,
2025-02-24 06:00:00,22.0,1012.3,53.0,AWS-MUM-101,Thane,MUM,neighbor,False,
2025-02-24 07:00:00,22.0,1013.1,53.0,AWS-MUM-101,Thane,MUM,neighbor,False,
2025-02-24 08:00:00,24.5,1014.0,45.0,AWS-MUM-101,Thane,MUM,neighbor,False,
2025-02-24 09:00:00,28.6,1014.4,33.0,AWS-MUM-101,Thane,MUM,neighbor,False,
2025-02-24 10:00:00,32.9,1014.6,24.0,AWS-MUM-101,Thane,MUM,neighbor,False,
2025-02-24 11:00:00,36.1,1013.9,17.0,AWS-MUM-101,Thane,MUM,neighbor,False,
2025-02-24 12:00:00,37.7,1012.9,13.0,AWS-MUM-101,Thane,MUM,neighbor,False,
2025-02-24 13:00:00,38.6,1011.2,12.0,AWS-MUM-101,Thane,MUM,neighbor,False,
2025-02-24 14:00:00,39.0,1009.9,11.0,AWS-MUM-101,Thane,MUM,neighbor,False,
2025-02-24 15:00:00,39.0,1009.0,11.0,AWS-MUM-101,Thane,MUM,neighbor,False,
2025-02-24 16:00:00,37.8,1009.0,14.0,AWS-MUM-101,Thane,MUM,neighbor,False,
2025-02-24 17:00:00,35.6,1009.5,17.0,AWS-MUM-101,Thane,MUM,neighbor,False,
2025-02-24 18:00:00,33.1,1010.4,22.0,AWS-MUM-101,Thane,MUM,neighbor,False,
2025-02-24 19:00:00,31.4,1011.1,28.0,AWS-MUM-101,Thane,MUM,neighbor,False,
2025-02-24 20:00:00,30.5,1012.4,30.0,AWS-MUM-101,Thane,MUM,neighbor,False,
2025-02-24 21:00:00,29.7,1013.3,29.0,AWS-MUM-101,Thane,MUM,neighbor,False,
2025-02-24 22:00:00,29.0,1013.6,29.0,AWS-MUM-101,Thane,MUM,neighbor,False,
2025-02-24 23:00:00,28.3,1013.4,30.0,AWS-MUM-101,Thane,MUM,neighbor,False,
2025-02-25 00:00:00,27.7,1012.8,31.0,AWS-MUM-101,Thane,MUM,neighbor,False,
2025-02-25 01:00:00,27.1,1012.2,30.0,AWS-MUM-101,Thane,MUM,neighbor,False,
2025-02-25 02:00:00,26.1,1011.4,32.0,AWS-MUM-101,Thane,MUM,neighbor,False,
2025-02-25 03:00:00,25.2,1010.9,34.0,AWS-MUM-101,Thane,MUM,neighbor,False,
2025-02-25 04:00:00,24.2,1010.7,37.0,AWS-MUM-101,Thane,MUM,neighbor,False,
2025-02-25 05:00:00,23.5,1011.0,40.0,AWS-MUM-101,Thane,MUM,neighbor,False,
2025-02-25 06:00:00,23.3,1012.1,44.0,AWS-MUM-101,Thane,MUM,neighbor,False,
2025-02-25 07:00:00,23.0,1013.0,46.0,AWS-MUM-101,Thane,MUM,neighbor,False,
2025-02-25 08:00:00,24.9,1013.8,40.0,AWS-MUM-101,Thane,MUM,neighbor,False,
2025-02-25 09:00:00,28.4,1014.4,32.0,AWS-MUM-101,Thane,MUM,neighbor,False,
2025-02-25 10:00:00,32.5,1015.0,24.0,AWS-MUM-101,Thane,MUM,neighbor,False,
2025-02-25 11:00:00,35.6,1014.5,18.0,AWS-MUM-101,Thane,MUM,neighbor,False,
2025-02-25 12:00:00,37.4,1013.1,15.0,AWS-MUM-101,Thane,MUM,neighbor,False,
2025-02-25 13:00:00,38.4,1019.4526984368339,13.0,AWS-MUM-101,Thane,MUM,neighbor,True,spike
2025-02-25 14:00:00,39.2,1010.6,12.0,AWS-MUM-101,Thane,MUM,neighbor,False,
2025-02-25 15:00:00,39.3,1009.8,12.0,AWS-MUM-101,Thane,MUM,neighbor,False,
2025-02-25 16:00:00,38.1,1010.0,13.0,AWS-MUM-101,Thane,MUM,neighbor,False,
2025-02-25 17:00:00,35.0,1010.6,22.0,AWS-MUM-101,Thane,MUM,neighbor,False,
2025-02-25 18:00:00,31.8,1011.6,31.0,AWS-MUM-101,Thane,MUM,neighbor,False,
2025-02-25 19:00:00,29.7,1012.7,39.0,AWS-MUM-101,Thane,MUM,neighbor,False,
2025-02-25 20:00:00,28.6,1014.2,45.0,AWS-MUM-101,Thane,MUM,neighbor,False,
2025-02-25 21:00:00,28.3,1015.2,45.0,AWS-MUM-101,Thane,MUM,neighbor,False,
2025-02-25 22:00:00,27.6,1015.2,47.0,AWS-MUM-101,Thane,MUM,neighbor,False,
2025-02-25 23:00:00,26.3,1015.0,52.0,AWS-MUM-101,Thane,MUM,neighbor,False,
2025-02-26 00:00:00,25.3,1014.2,,AWS-MUM-101,Thane,MUM,neighbor,True,dropout
2025-02-26 01:00:00,24.5,1013.5,58.0,AWS-MUM-101,Thane,MUM,neighbor,False,
2025-02-26 02:00:00,23.8,1012.8,61.0,AWS-MUM-101,Thane,MUM,neighbor,False,
2025-02-26 03:00:00,23.1,1012.4,63.0,AWS-MUM-101,Thane,MUM,neighbor,False,
2025-02-26 04:00:00,22.8,1012.2,60.0,AWS-MUM-101,Thane,MUM,neighbor,False,
2025-02-26 05:00:00,22.5,1012.4,59.0,AWS-MUM-101,Thane,MUM,neighbor,False,
2025-02-26 06:00:00,22.5,1013.1,58.0,AWS-MUM-101,Thane,MUM,neighbor,False,
2025-02-26 07:00:00,22.6,1013.9,54.0,AWS-MUM-101,Thane,MUM,neighbor,False,
2025-02-26 08:00:00,24.6,1015.0,46.0,AWS-MUM-101,Thane,MUM,neighbor,False,
2025-02-26 09:00:00,28.3,1015.5,35.0,AWS-MUM-101,Thane,MUM,neighbor,False,
2025-02-26 10:00:00,32.4,1015.5,25.0,AWS-MUM-101,Thane,MUM,neighbor,False,
2025-02-26 11:00:00,35.6,1015.0,20.0,AWS-MUM-101,Thane,MUM,neighbor,False,
2025-02-26 12:00:00,37.6,1013.4,16.0,AWS-MUM-101,Thane,MUM,neighbor,False,
2025-02-26 13:00:00,38.7,1012.0,14.0,AWS-MUM-101,Thane,MUM,neighbor,False,
2025-02-26 14:00:00,39.5,1010.9,13.0,AWS-MUM-101,Thane,MUM,neighbor,False,
2025-02-26 15:00:00,39.6,1009.8,13.0,AWS-MUM-101,Thane,MUM,neighbor,False,
2025-02-26 16:00:00,38.0,1009.4,15.0,AWS-MUM-101,Thane,MUM,neighbor,False,
2025-02-26 17:00:00,34.0,1010.0,26.0,AWS-MUM-101,Thane,MUM,neighbor,False,
2025-02-26 18:00:00,31.5,1010.8,36.0,AWS-MUM-101,Thane,MUM,neighbor,False,
2025-02-26 19:00:00,29.7,1011.5,45.0,AWS-MUM-101,Thane,MUM,neighbor,False,
2025-02-26 20:00:00,28.9,1012.7,48.0,AWS-MUM-101,Thane,MUM,neighbor,False,
2025-02-26 21:00:00,28.3,1013.5,53.0,AWS-MUM-101,Thane,MUM,neighbor,False,
2025-02-26 22:00:00,27.6,1013.8,53.0,AWS-MUM-101,Thane,MUM,neighbor,False,
2025-02-26 23:00:00,26.7,1013.4,53.0,AWS-MUM-101,Thane,MUM,neighbor,False,
2025-02-27 00:00:00,25.5,1012.9,60.0,AWS-MUM-101,Thane,MUM,neighbor,False,
2025-02-27 01:00:00,24.5,1012.3,61.0,AWS-MUM-101,Thane,MUM,neighbor,False,
2025-02-27 02:00:00,23.6,1011.7,66.0,AWS-MUM-101,Thane,MUM,neighbor,False,
2025-02-27 03:00:00,23.3,1011.3,67.0,AWS-MUM-101,Thane,MUM,neighbor,False,
2025-02-27 04:00:00,23.0,1011.4,65.0,AWS-MUM-101,Thane,MUM,neighbor,False,
2025-02-27 05:00:00,22.6,1011.4,64.0,AWS-MUM-101,Thane,MUM,neighbor,False,
2025-02-27 06:00:00,22.5,1012.3,64.0,AWS-MUM-101,Thane,MUM,neighbor,False,
2025-02-27 07:00:00,22.6,1012.9,63.0,AWS-MUM-101,Thane,MUM,neighbor,False,
2025-02-27 08:00:00,24.7,1013.8,52.0,AWS-MUM-101,Thane,MUM,neighbor,False,
2025-02-27 09:00:00,28.8,1014.1,38.0,AWS-MUM-101,Thane,MUM,neighbor,False,
2025-02-27 10:00:00,33.1,1014.3,27.0,AWS-MUM-101,Thane,MUM,neighbor,False,
2025-02-27 11:00:00,36.1,1013.6,23.0,AWS-MUM-101,Thane,MUM,neighbor,False,
2025-02-27 12:00:00,37.8,1011.9,18.0,AWS-MUM-101,Thane,MUM,neighbor,False,
2025-02-27 13:00:00,38.7,1010.2,17.0,AWS-MUM-101,Thane,MUM,neighbor,False,
2025-02-27 14:00:00,38.7,1008.7,18.0,AWS-MUM-101,Thane,MUM,neighbor,False,
2025-02-27 15:00:00,37.4,1008.0,20.0,AWS-MUM-101,Thane,MUM,neighbor,False,
2025-02-27 16:00:00,35.3,1008.2,24.0,AWS-MUM-101,Thane,MUM,neighbor,False,
2025-02-27 17:00:00,34.3,1008.3,28.0,AWS-MUM-101,Thane,MUM,neighbor,False,
2025-02-27 18:00:00,31.0,1009.3,38.0,AWS-MUM-101,Thane,MUM,neighbor,False,
2025-02-27 19:00:00,29.6,1010.1,45.0,AWS-MUM-101,Thane,MUM,neighbor,False,
2025-02-27 20:00:00,29.0,1011.4,49.0,AWS-MUM-101,Thane,MUM,neighbor,False,
2025-02-27 21:00:00,28.4,1012.3,51.0,AWS-MUM-101,Thane,MUM,neighbor,False,
2025-02-27 22:00:00,28.0,1012.3,53.0,AWS-MUM-101,Thane,MUM,neighbor,False,
2025-02-27 23:00:00,27.6,1011.9,59.0,AWS-MUM-101,Thane,MUM,neighbor,False,
2025-02-28 00:00:00,26.7,1011.4,57.0,AWS-MUM-101,Thane,MUM,neighbor,False,
2025-02-28 01:00:00,25.9,1010.8,57.0,AWS-MUM-101,Thane,MUM,neighbor,False,
2025-02-28 02:00:00,24.7,1010.1,62.0,AWS-MUM-101,Thane,MUM,neighbor,False,
2025-02-28 03:00:00,23.7,1009.5,67.0,AWS-MUM-101,Thane,MUM,neighbor,False,
2025-02-28 04:00:00,23.1,1009.2,71.0,AWS-MUM-101,Thane,MUM,neighbor,False,
2025-02-28 05:00:00,22.7,1009.5,73.0,AWS-MUM-101,Thane,MUM,neighbor,False,
2025-02-28 06:00:00,22.6,1010.9,79.0,AWS-MUM-101,Thane,MUM,neighbor,False,
2025-02-28 07:00:00,22.7,1011.7,76.0,AWS-MUM-101,Thane,MUM,neighbor,False,
2025-02-28 08:00:00,25.4,1012.4,61.0,AWS-MUM-101,Thane,MUM,neighbor,False,
2025-02-28 09:00:00,29.2,1013.0,44.0,AWS-MUM-101,Thane,MUM,neighbor,False,
2025-02-28 10:00:00,32.4,1013.3,33.0,AWS-MUM-101,Thane,MUM,neighbor,False,
2025-02-28 11:00:00,35.1,1012.6,25.0,AWS-MUM-101,Thane,MUM,neighbor,False,
2025-02-28 12:00:00,36.9,1011.2,22.0,AWS-MUM-101,Thane,MUM,neighbor,False,
2025-02-28 13:00:00,37.8,1009.7,22.0,AWS-MUM-101,Thane,MUM,neighbor,False,
2025-02-28 14:00:00,37.7,1008.5,25.0,AWS-MUM-101,Thane,MUM,neighbor,False,
2025-02-28 15:00:00,37.6,1007.4,25.0,AWS-MUM-101,Thane,MUM,neighbor,False,
2025-02-28 16:00:00,37.0,1007.0,25.0,AWS-MUM-101,Thane,MUM,neighbor,False,
2025-02-28 17:00:00,36.0,1007.1,25.0,AWS-MUM-101,Thane,MUM,neighbor,False,
2025-02-28 18:00:00,33.0,1008.4,31.0,AWS-MUM-101,Thane,MUM,neighbor,False,
2025-02-28 19:00:00,31.2,1009.0,33.0,AWS-MUM-101,Thane,MUM,neighbor,False,
2025-02-28 20:00:00,30.3,1009.6,33.0,AWS-MUM-101,Thane,MUM,neighbor,False,
2025-02-28 21:00:00,29.7,1010.1,32.0,AWS-MUM-101,Thane,MUM,neighbor,False,
2025-02-28 22:00:00,29.0,1010.2,33.0,AWS-MUM-101,Thane,MUM,neighbor,False,
2025-02-28 23:00:00,27.8,1010.1,35.0,AWS-MUM-101,Thane,MUM,neighbor,False,
2025-03-01 00:00:00,26.6,1010.0,38.0,AWS-MUM-101,Thane,MUM,neighbor,False,
2025-03-01 01:00:00,25.9,1009.8,39.0,AWS-MUM-101,Thane,MUM,neighbor,False,
2025-03-01 02:00:00,25.2,1009.2,42.0,AWS-MUM-101,Thane,MUM,neighbor,False,
2025-03-01 03:00:00,25.0,1008.6,42.0,AWS-MUM-101,Thane,MUM,neighbor,False,
2025-03-01 04:00:00,24.9,1008.7,41.0,AWS-MUM-101,Thane,MUM,neighbor,False,
2025-03-01 05:00:00,24.2,1008.9,44.0,AWS-MUM-101,Thane,MUM,neighbor,False,
2025-03-01 06:00:00,23.1,1010.0,56.0,AWS-MUM-101,Thane,MUM,neighbor,False,
2025-03-01 07:00:00,23.2,1010.7,57.0,AWS-MUM-101,Thane,MUM,neighbor,False,
2025-03-01 08:00:00,25.4,1011.4,47.0,AWS-MUM-101,Thane,MUM,neighbor,False,
2025-03-01 09:00:00,29.1,1011.9,35.0,AWS-MUM-101,Thane,MUM,neighbor,False,
2025-03-01 10:00:00,32.9,1012.3,26.0,AWS-MUM-101,Thane,MUM,neighbor,False,
2025-03-01 11:00:00,35.6,1011.6,22.0,AWS-MUM-101,Thane,MUM,neighbor,False,
2025-03-01 12:00:00,37.4,1010.1,20.0,AWS-MUM-101,Thane,MUM,neighbor,False,
2025-03-01 13:00:00,38.0,1008.8,21.0,AWS-MUM-101,Thane,MUM,neighbor,False,
2025-03-01 14:00:00,37.7,1007.9,25.0,AWS-MUM-101,Thane,MUM,neighbor,False,
2025-03-01 15:00:00,36.9,1007.3,25.0,AWS-MUM-101,Thane,MUM,neighbor,False,
2025-03-01 16:00:00,36.1,1007.2,25.0,AWS-MUM-101,Thane,MUM,neighbor,False,
2025-03-01 17:00:00,34.7,1007.3,25.0,AWS-MUM-101,Thane,MUM,neighbor,False,
2025-03-01 18:00:00,32.2,1008.4,33.0,AWS-MUM-101,Thane,MUM,neighbor,False,
2025-03-01 19:00:00,30.4,1009.1,37.0,AWS-MUM-101,Thane,MUM,neighbor,False,
2025-03-01 20:00:00,29.4,1009.9,37.0,AWS-MUM-101,Thane,MUM,neighbor,False,
2025-03-01 21:00:00,28.6,1010.1,35.0,AWS-MUM-101,Thane,MUM,neighbor,False,
2025-03-01 22:00:00,28.0,1009.9,35.0,AWS-MUM-101,Thane,MUM,neighbor,False,
2025-03-01 23:00:00,26.7,1009.7,41.0,AWS-MUM-101,Thane,MUM,neighbor,False,
2025-03-02 00:00:00,25.6,1009.4,50.0,AWS-MUM-101,Thane,MUM,neighbor,False,
2025-03-02 01:00:00,24.8,1008.7,52.0,AWS-MUM-101,Thane,MUM,neighbor,False,
2025-03-02 02:00:00,24.2,1008.2,50.0,AWS-MUM-101,Thane,MUM,neighbor,False,
2025-03-02 03:00:00,23.6,1007.8,52.0,AWS-MUM-101,Thane,MUM,neighbor,False,
2025-03-02 04:00:00,23.0,1007.8,54.0,AWS-MUM-101,Thane,MUM,neighbor,False,
2025-03-02 05:00:00,22.4,1008.1,57.0,AWS-MUM-101,Thane,MUM,neighbor,False,
2025-03-02 06:00:00,22.9,1009.1,51.0,AWS-MUM-101,Thane,MUM,neighbor,False,
2025-03-02 07:00:00,23.1,1009.9,50.0,AWS-MUM-101,Thane,MUM,neighbor,False,
2025-03-02 08:00:00,25.8,1010.5,42.0,AWS-MUM-101,Thane,MUM,neighbor,False,
2025-03-02 09:00:00,30.1,1011.1,31.0,AWS-MUM-101,Thane,MUM,neighbor,False,
2025-03-02 10:00:00,33.5,1011.6,24.0,AWS-MUM-101,Thane,MUM,neighbor,False,
2025-03-02 11:00:00,35.6,1011.0,19.0,AWS-MUM-101,Thane,MUM,neighbor,False,
2025-03-02 12:00:00,37.2,1009.8,15.0,AWS-MUM-101,Thane,MUM,neighbor,False,
2025-03-02 13:00:00,38.3,1008.4,13.0,AWS-MUM-101,Thane,MUM,neighbor,False,
2025-03-02 14:00:00,38.7,1007.2,13.0,AWS-MUM-101,Thane,MUM,neighbor,False,
2025-03-02 15:00:00,38.9,1006.4,13.0,AWS-MUM-101,Thane,MUM,neighbor,False,
2025-03-02 16:00:00,38.1,1006.3,14.0,AWS-MUM-101,Thane,MUM,neighbor,False,
2025-03-02 17:00:00,35.8,1006.8,22.0,AWS-MUM-101,Thane,MUM,neighbor,False,
2025-03-02 18:00:00,31.8,1007.7,30.0,AWS-MUM-101,Thane,MUM,neighbor,False,
2025-03-02 19:00:00,30.5,1008.4,31.0,AWS-MUM-101,Thane,MUM,neighbor,False,
2025-03-02 20:00:00,29.5,1009.2,31.0,AWS-MUM-101,Thane,MUM,neighbor,False,
2025-03-02 21:00:00,28.9,1009.8,30.0,AWS-MUM-101,Thane,MUM,neighbor,False,
2025-03-02 22:00:00,28.4,1010.4,31.0,AWS-MUM-101,Thane,MUM,neighbor,False,
2025-03-02 23:00:00,27.0,1010.7,36.0,AWS-MUM-101,Thane,MUM,neighbor,False,
2025-03-03 00:00:00,26.3,1010.4,39.0,AWS-MUM-101,Thane,MUM,neighbor,False,
2025-03-03 01:00:00,25.3,1009.7,44.0,AWS-MUM-101,Thane,MUM,neighbor,False,
2025-03-03 02:00:00,24.5,1009.1,50.0,AWS-MUM-101,Thane,MUM,neighbor,False,
2025-03-03 03:00:00,24.0,1008.6,55.0,AWS-MUM-101,Thane,MUM,neighbor,False,
2025-03-03 04:00:00,23.6,1008.5,59.0,AWS-MUM-101,Thane,MUM,neighbor,False,
2025-03-03 05:00:00,23.3,1008.7,60.0,AWS-MUM-101,Thane,MUM,neighbor,False,
2025-03-03 06:00:00,22.5,1009.4,65.0,AWS-MUM-101,Thane,MUM,neighbor,False,
2025-03-03 07:00:00,22.4,1010.3,68.0,AWS-MUM-101,Thane,MUM,neighbor,False,
2025-03-03 08:00:00,25.0,1011.0,55.0,AWS-MUM-101,Thane,MUM,neighbor,False,
2025-03-03 09:00:00,29.7,1011.6,35.0,AWS-MUM-101,Thane,MUM,neighbor,False,
2025-03-03 10:00:00,33.7,1011.8,23.0,AWS-MUM-101,Thane,MUM,neighbor,False,
2025-03-03 11:00:00,36.6,1011.0,16.0,AWS-MUM-101,Thane,MUM,neighbor,False,
2025-03-03 12:00:00,38.3,1009.7,13.0,AWS-MUM-101,Thane,MUM,neighbor,False,
2025-03-03 13:00:00,39.2,1008.5,14.0,AWS-MUM-101,Thane,MUM,neighbor,False,
2025-03-03 14:00:00,39.8,1007.2,13.0,AWS-MUM-101,Thane,MUM,neighbor,False,
2025-03-03 15:00:00,39.6,1006.6,14.0,AWS-MUM-101,Thane,MUM,neighbor,False,
2025-03-03 16:00:00,38.4,1006.3,17.0,AWS-MUM-101,Thane,MUM,neighbor,False,
2025-03-03 17:00:00,36.5,1006.7,22.0,AWS-MUM-101,Thane,MUM,neighbor,False,
2025-03-03 18:00:00,34.4,1008.1,27.0,AWS-MUM-101,Thane,MUM,neighbor,False,
2025-03-03 19:00:00,32.1,1008.7,31.0,AWS-MUM-101,Thane,MUM,neighbor,False,
2025-03-03 20:00:00,30.9,1009.4,32.0,AWS-MUM-101,Thane,MUM,neighbor,False,
2025-03-03 21:00:00,29.9,1009.8,30.0,AWS-MUM-101,Thane,MUM,neighbor,False,
2025-03-03 22:00:00,-4.325595939271803,1010.1,30.0,AWS-MUM-101,Thane,MUM,neighbor,True,spike
2025-03-03 23:00:00,28.8,1010.1,32.0,AWS-MUM-101,Thane,MUM,neighbor,False,
2025-03-04 00:00:00,28.2,1010.0,34.0,AWS-MUM-101,Thane,MUM,neighbor,False,
2025-03-04 01:00:00,27.6,1009.4,36.0,AWS-MUM-101,Thane,MUM,neighbor,False,
2025-03-04 02:00:00,26.9,1008.6,37.0,AWS-MUM-101,Thane,MUM,neighbor,False,
2025-03-04 03:00:00,26.2,1008.4,39.0,AWS-MUM-101,Thane,MUM,neighbor,False,
2025-03-04 04:00:00,25.3,1008.5,42.0,AWS-MUM-101,Thane,MUM,neighbor,False,
2025-03-04 05:00:00,24.4,1009.1,46.0,AWS-MUM-101,Thane,MUM,neighbor,False,
2025-03-04 06:00:00,23.8,1010.0,51.0,AWS-MUM-101,Thane,MUM,neighbor,False,
2025-03-04 07:00:00,23.9,1010.8,51.0,AWS-MUM-101,Thane,MUM,neighbor,False,
2025-03-04 08:00:00,27.0,1011.6,41.0,AWS-MUM-101,Thane,MUM,neighbor,False,
2025-03-04 09:00:00,30.7,1012.3,31.0,AWS-MUM-101,Thane,MUM,neighbor,False,
2025-03-04 10:00:00,32.9,1012.8,25.0,AWS-MUM-101,Thane,MUM,neighbor,False,
2025-03-04 11:00:00,34.8,1012.1,22.0,AWS-MUM-101,Thane,MUM,neighbor,False,
2025-03-04 12:00:00,36.6,1010.7,18.0,AWS-MUM-101,Thane,MUM,neighbor,False,
2025-03-04 13:00:00,37.9,1009.5,16.0,AWS-MUM-101,Thane,MUM,neighbor,False,
2025-03-04 14:00:00,38.9,1008.3,14.0,AWS-MUM-101,Thane,MUM,neighbor,False,
2025-03-04 15:00:00,38.9,1007.5,15.0,AWS-MUM-101,Thane,MUM,neighbor,False,
2025-03-04 16:00:00,38.0,1007.2,17.0,AWS-MUM-101,Thane,MUM,neighbor,False,
2025-03-04 17:00:00,36.4,1007.4,21.0,AWS-MUM-101,Thane,MUM,neighbor,False,
2025-03-04 18:00:00,33.4,1009.0,32.0,AWS-MUM-101,Thane,MUM,neighbor,False,
2025-03-04 19:00:00,31.2,1009.6,39.0,AWS-MUM-101,Thane,MUM,neighbor,False,
2025-03-04 20:00:00,30.1,1010.1,39.0,AWS-MUM-101,Thane,MUM,neighbor,False,
2025-03-04 21:00:00,29.4,1010.8,39.0,AWS-MUM-101,Thane,MUM,neighbor,False,
2025-03-04 22:00:00,28.8,1011.2,39.0,AWS-MUM-101,Thane,MUM,neighbor,False,
2025-03-04 23:00:00,28.5,1011.0,37.0,AWS-MUM-101,Thane,MUM,neighbor,False,
2025-03-05 00:00:00,28.2,1010.7,34.0,AWS-MUM-101,Thane,MUM,neighbor,False,
2025-03-05 01:00:00,27.7,1010.1,33.0,AWS-MUM-101,Thane,MUM,neighbor,False,
2025-03-05 02:00:00,27.1,1009.1,33.0,AWS-MUM-101,Thane,MUM,neighbor,False,
2025-03-05 03:00:00,26.5,1008.6,33.0,AWS-MUM-101,Thane,MUM,neighbor,False,
2025-03-05 04:00:00,25.9,1008.6,34.0,AWS-MUM-101,Thane,MUM,neighbor,False,
2025-03-05 05:00:00,25.3,1008.9,35.0,AWS-MUM-101,Thane,MUM,neighbor,False,
2025-03-05 06:00:00,23.7,1009.6,41.06443829998825,AWS-MUM-101,Thane,MUM,neighbor,True,frozen_value
2025-03-05 07:00:00,23.6,1010.4,40.711805081602044,AWS-MUM-101,Thane,MUM,neighbor,True,frozen_value
2025-03-05 08:00:00,25.9,1011.3,41.150523351237474,AWS-MUM-101,Thane,MUM,neighbor,True,frozen_value
2025-03-05 09:00:00,29.4,1011.9,40.86994723041258,AWS-MUM-101,Thane,MUM,neighbor,True,frozen_value
2025-03-05 10:00:00,32.7,1012.0,41.31864929705515,AWS-MUM-101,Thane,MUM,neighbor,True,frozen_value
2025-03-05 11:00:00,35.5,1011.2,17.0,AWS-MUM-101,Thane,MUM,neighbor,False,
2025-03-05 12:00:00,37.4,1010.1,14.0,AWS-MUM-101,Thane,MUM,neighbor,False,
2025-03-05 13:00:00,38.7,1008.8,11.0,AWS-MUM-101,Thane,MUM,neighbor,False,
2025-03-05 14:00:00,39.5,1007.6,8.0,AWS-MUM-101,Thane,MUM,neighbor,False,
2025-03-05 15:00:00,39.8,1006.9,7.0,AWS-MUM-101,Thane,MUM,neighbor,False,
2025-03-05 16:00:00,39.2,1006.6,8.0,AWS-MUM-101,Thane,MUM,neighbor,False,
2025-03-05 17:00:00,36.6,1007.0,16.0,AWS-MUM-101,Thane,MUM,neighbor,False,
2025-03-05 18:00:00,32.5,1008.2,29.0,AWS-MUM-101,Thane,MUM,neighbor,False,
2025-03-05 19:00:00,30.6,1008.7,29.0,AWS-MUM-101,Thane,MUM,neighbor,False,
2025-03-05 20:00:00,29.7,1009.5,27.0,AWS-MUM-101,Thane,MUM,neighbor,False,
2025-03-05 21:00:00,29.4,1010.3,25.0,AWS-MUM-101,Thane,MUM,neighbor,False,
2025-03-05 22:00:00,29.3,1010.9,21.0,AWS-MUM-101,Thane,MUM,neighbor,False,
2025-03-05 23:00:00,28.6,1010.6,19.0,AWS-MUM-101,Thane,MUM,neighbor,False,
2025-03-06 00:00:00,27.6,1010.5,21.0,AWS-MUM-101,Thane,MUM,neighbor,False,
2025-03-06 01:00:00,26.5,1010.1,23.0,AWS-MUM-101,Thane,MUM,neighbor,False,
2025-03-06 02:00:00,25.6,1009.7,26.0,AWS-MUM-101,Thane,MUM,neighbor,False,
2025-03-06 03:00:00,24.7,1009.4,27.0,AWS-MUM-101,Thane,MUM,neighbor,False,
2025-03-06 04:00:00,23.9,1009.7,29.0,AWS-MUM-101,Thane,MUM,neighbor,False,
2025-03-06 05:00:00,23.2,1009.9,29.0,AWS-MUM-101,Thane,MUM,neighbor,False,
2025-03-06 06:00:00,20.7,1010.7,43.0,AWS-MUM-101,Thane,MUM,neighbor,False,
2025-03-06 07:00:00,20.6,1011.4,43.0,AWS-MUM-101,Thane,MUM,neighbor,False,
2025-03-06 08:00:00,23.3,1012.4,33.0,AWS-MUM-101,Thane,MUM,neighbor,False,
2025-03-06 09:00:00,27.3,1013.1,22.0,AWS-MUM-101,Thane,MUM,neighbor,False,
2025-03-06 10:00:00,31.2,1013.1,16.0,AWS-MUM-101,Thane,MUM,neighbor,False,
2025-03-06 11:00:00,34.6,1012.4,13.0,AWS-MUM-101,Thane,MUM,neighbor,False,
2025-03-06 12:00:00,37.0,1011.3,10.0,AWS-MUM-101,Thane,MUM,neighbor,False,
2025-03-06 13:00:00,38.5,1010.0,7.0,AWS-MUM-101,Thane,MUM,neighbor,False,
2025-03-06 14:00:00,38.9,1009.1,7.0,AWS-MUM-101,Thane,MUM,neighbor,False,
2025-03-06 15:00:00,37.4,1008.4,13.0,AWS-MUM-101,Thane,MUM,neighbor,False,
2025-03-06 16:00:00,35.4,1008.1,15.0,AWS-MUM-101,Thane,MUM,neighbor,False,
2025-03-06 17:00:00,34.5,1007.9,16.0,AWS-MUM-101,Thane,MUM,neighbor,False,
2025-03-06 18:00:00,32.0,1008.5,23.0,AWS-MUM-101,Thane,MUM,neighbor,False,
2025-03-06 19:00:00,30.2,1009.0,26.0,AWS-MUM-101,Thane,MUM,neighbor,False,
2025-03-06 20:00:00,29.2,1009.8,24.0,AWS-MUM-101,Thane,MUM,neighbor,False,
2025-03-06 21:00:00,28.4,1010.3,23.0,AWS-MUM-101,Thane,MUM,neighbor,False,
2025-03-06 22:00:00,27.6,1010.3,23.0,AWS-MUM-101,Thane,MUM,neighbor,False,
2025-03-06 23:00:00,27.0,1009.7,,AWS-MUM-101,Thane,MUM,neighbor,True,dropout
2025-03-07 00:00:00,26.8,1009.0,25.0,AWS-MUM-101,Thane,MUM,neighbor,False,
2025-03-07 01:00:00,26.2,1008.7,25.0,AWS-MUM-101,Thane,MUM,neighbor,False,
2025-03-07 02:00:00,25.0,1008.1,27.0,AWS-MUM-101,Thane,MUM,neighbor,False,
2025-03-07 03:00:00,24.3,1007.9,28.0,AWS-MUM-101,Thane,MUM,neighbor,False,
2025-03-07 04:00:00,23.9,1008.0,28.0,AWS-MUM-101,Thane,MUM,neighbor,False,
2025-03-07 05:00:00,23.8,1008.5,26.0,AWS-MUM-101,Thane,MUM,neighbor,False,
2025-03-07 06:00:00,22.1,1009.4,34.0,AWS-MUM-101,Thane,MUM,neighbor,False,
2025-03-07 07:00:00,22.3,1010.4,35.0,AWS-MUM-101,Thane,MUM,neighbor,False,
2025-03-07 08:00:00,24.5,1011.2,31.0,AWS-MUM-101,Thane,MUM,neighbor,False,
2025-03-07 09:00:00,28.3,1011.6,22.0,AWS-MUM-101,Thane,MUM,neighbor,False,
2025-03-07 10:00:00,32.0,1011.5,17.0,AWS-MUM-101,Thane,MUM,neighbor,False,
2025-03-07 11:00:00,35.0,1010.9,13.0,AWS-MUM-101,Thane,MUM,neighbor,False,
2025-03-07 12:00:00,37.0,1009.6,11.0,AWS-MUM-101,Thane,MUM,neighbor,False,
2025-03-07 13:00:00,38.4,1008.2,10.0,AWS-MUM-101,Thane,MUM,neighbor,False,
2025-03-07 14:00:00,39.5,1006.9,9.0,AWS-MUM-101,Thane,MUM,neighbor,False,
2025-03-07 15:00:00,39.9,1005.6,9.0,AWS-MUM-101,Thane,MUM,neighbor,False,
2025-03-07 16:00:00,38.9,1005.3,10.0,AWS-MUM-101,Thane,MUM,neighbor,False,
2025-03-07 17:00:00,35.1,1005.6,21.0,AWS-MUM-101,Thane,MUM,neighbor,False,
2025-03-07 18:00:00,32.0,1006.2,27.0,AWS-MUM-101,Thane,MUM,neighbor,False,
2025-03-07 19:00:00,30.5,1007.0,27.0,AWS-MUM-101,Thane,MUM,neighbor,False,
2025-03-07 20:00:00,29.8,1007.8,26.0,AWS-MUM-101,Thane,MUM,neighbor,False,
2025-03-07 21:00:00,29.0,1008.5,26.0,AWS-MUM-101,Thane,MUM,neighbor,False,
2025-03-07 22:00:00,28.0,1009.0,39.0,AWS-MUM-101,Thane,MUM,neighbor,False,
2025-03-07 23:00:00,27.0,1009.1,30.0,AWS-MUM-101,Thane,MUM,neighbor,False,
2025-03-08 00:00:00,26.1,1008.6,32.0,AWS-MUM-101,Thane,MUM,neighbor,False,
2025-03-08 01:00:00,25.0,1008.1,32.0,AWS-MUM-101,Thane,MUM,neighbor,False,
2025-03-08 02:00:00,24.3,1007.3,34.0,AWS-MUM-101,Thane,MUM,neighbor,False,
2025-03-08 03:00:00,23.4,1006.8,37.0,AWS-MUM-101,Thane,MUM,neighbor,False,
2025-03-08 04:00:00,22.6,1006.6,41.0,AWS-MUM-101,Thane,MUM,neighbor,False,
2025-03-08 05:00:00,21.8,1006.9,46.0,AWS-MUM-101,Thane,MUM,neighbor,False,
2025-03-08 06:00:00,20.4,1007.6,57.0,AWS-MUM-101,Thane,MUM,neighbor,False,
2025-03-08 07:00:00,20.6,1008.2,58.0,AWS-MUM-101,Thane,MUM,neighbor,False,
2025-03-08 08:00:00,23.8,1009.0,44.0,AWS-MUM-101,Thane,MUM,neighbor,False,
2025-03-08 09:00:00,28.5,1009.6,30.0,AWS-MUM-101,Thane,MUM,neighbor,False,
2025-03-08 10:00:00,33.0,1009.5,19.0,AWS-MUM-101,Thane,MUM,neighbor,False,
2025-03-08 11:00:00,36.2,1008.9,14.0,AWS-MUM-101,Thane,MUM,neighbor,False,
2025-03-08 12:00:00,38.3,1007.5,12.0,AWS-MUM-101,Thane,MUM,neighbor,False,
2025-03-08 13:00:00,39.6,1006.1,11.0,AWS-MUM-101,Thane,MUM,neighbor,False,
2025-03-08 14:00:00,39.5,1005.0,12.0,AWS-MUM-101,Thane,MUM,neighbor,False,
2025-03-08 15:00:00,38.1,1004.3,16.0,AWS-MUM-101,Thane,MUM,neighbor,False,
2025-03-08 16:00:00,36.6,1004.3,19.0,AWS-MUM-101,Thane,MUM,neighbor,False,
2025-03-08 17:00:00,34.9,1004.7,22.0,AWS-MUM-101,Thane,MUM,neighbor,False,
2025-03-08 18:00:00,32.2,1005.2,28.0,AWS-MUM-101,Thane,MUM,neighbor,False,
2025-03-08 19:00:00,30.1,1005.7,33.0,AWS-MUM-101,Thane,MUM,neighbor,False,
2025-03-08 20:00:00,28.9,1006.4,35.0,AWS-MUM-101,Thane,MUM,neighbor,False,
2025-03-08 21:00:00,28.0,1007.1,37.0,AWS-MUM-101,Thane,MUM,neighbor,False,
2025-03-08 22:00:00,26.4,1007.6,46.0,AWS-MUM-101,Thane,MUM,neighbor,False,
2025-03-08 23:00:00,25.5,1007.8,,AWS-MUM-101,Thane,MUM,neighbor,True,dropout
2025-03-09 00:00:00,24.4,1007.3,49.0,AWS-MUM-101,Thane,MUM,neighbor,False,
2025-03-09 01:00:00,23.5,1007.2,52.0,AWS-MUM-101,Thane,MUM,neighbor,False,
2025-03-09 02:00:00,22.5,1006.6,55.0,AWS-MUM-101,Thane,MUM,neighbor,False,
2025-03-09 03:00:00,21.7,1006.1,64.0,AWS-MUM-101,Thane,MUM,neighbor,False,
2025-03-09 04:00:00,21.4,1006.2,68.0,AWS-MUM-101,Thane,MUM,neighbor,False,
2025-03-09 05:00:00,20.9,1006.5,74.0,AWS-MUM-101,Thane,MUM,neighbor,False,
2025-03-09 06:00:00,20.9,1007.0,74.0,AWS-MUM-101,Thane,MUM,neighbor,False,
2025-03-09 07:00:00,21.0,1007.8,74.0,AWS-MUM-101,Thane,MUM,neighbor,False,
2025-03-09 08:00:00,24.6,1008.8,56.0,AWS-MUM-101,Thane,MUM,neighbor,False,
2025-03-09 09:00:00,28.9,1009.3,38.0,AWS-MUM-101,Thane,MUM,neighbor,False,
2025-03-09 10:00:00,33.0,1009.3,26.0,AWS-MUM-101,Thane,MUM,neighbor,False,
2025-03-09 11:00:00,36.6,1008.8,18.0,AWS-MUM-101,Thane,MUM,neighbor,False,
2025-03-09 12:00:00,39.0,1007.5,13.0,AWS-MUM-101,Thane,MUM,neighbor,False,
2025-03-09 13:00:00,40.2,1006.3,11.0,AWS-MUM-101,Thane,MUM,neighbor,False,
2025-03-09 14:00:00,40.4,1005.3,11.0,AWS-MUM-101,Thane,MUM,neighbor,False,
2025-03-09 15:00:00,39.1,1004.6,17.0,AWS-MUM-101,Thane,MUM,neighbor,False,
2025-03-09 16:00:00,36.7,1004.7,23.0,AWS-MUM-101,Thane,MUM,neighbor,False,
2025-03-09 17:00:00,35.0,1004.8,27.0,AWS-MUM-101,Thane,MUM,neighbor,False,
2025-03-09 18:00:00,31.8,1005.8,40.0,AWS-MUM-101,Thane,MUM,neighbor,False,
2025-03-09 19:00:00,30.5,1006.6,41.0,AWS-MUM-101,Thane,MUM,neighbor,False,
2025-03-09 20:00:00,30.0,1007.9,36.0,AWS-MUM-101,Thane,MUM,neighbor,False,
2025-03-09 21:00:00,29.3,1009.1,38.0,AWS-MUM-101,Thane,MUM,neighbor,False,
2025-03-09 22:00:00,28.3,1009.5,38.0,AWS-MUM-101,Thane,MUM,neighbor,False,
2025-03-09 23:00:00,27.5,1009.4,41.0,AWS-MUM-101,Thane,MUM,neighbor,False,
2025-03-10 00:00:00,26.6,1009.0,43.0,AWS-MUM-101,Thane,MUM,neighbor,False,
2025-03-10 01:00:00,25.7,51.573326819415584,44.0,AWS-MUM-101,Thane,MUM,neighbor,True,sensor_fail_low
2025-03-10 02:00:00,25.9,50.11686782746431,42.0,AWS-MUM-101,Thane,MUM,neighbor,True,sensor_fail_low
2025-03-10 03:00:00,26.1,48.34548727069926,39.0,AWS-MUM-101,Thane,MUM,neighbor,True,sensor_fail_low
2025-03-10 04:00:00,,47.21713700692934,43.0,AWS-MUM-101,Thane,MUM,neighbor,True,sensor_fail_low
2025-03-10 05:00:00,24.1,1007.4,47.0,AWS-MUM-101,Thane,MUM,neighbor,False,
2025-03-10 06:00:00,23.3,1008.4,55.0,AWS-MUM-101,Thane,MUM,neighbor,False,
2025-03-10 07:00:00,23.2,1009.4,55.0,AWS-MUM-101,Thane,MUM,neighbor,False,
2025-03-10 08:00:00,25.9,1010.2,43.0,AWS-MUM-101,Thane,MUM,neighbor,False,
2025-03-10 09:00:00,30.8,1010.7,29.0,AWS-MUM-101,Thane,MUM,neighbor,False,
2025-03-10 10:00:00,35.3,1010.8,20.0,AWS-MUM-101,Thane,MUM,neighbor,False,
2025-03-10 11:00:00,37.9,1010.1,18.0,AWS-MUM-101,Thane,MUM,neighbor,False,
2025-03-10 12:00:00,40.6,1009.0,13.0,AWS-MUM-101,Thane,MUM,neighbor,False,
2025-03-10 13:00:00,41.7,1007.6,11.0,AWS-MUM-101,Thane,MUM,neighbor,False,
2025-03-10 14:00:00,42.3,1006.5,11.0,AWS-MUM-101,Thane,MUM,neighbor,False,
2025-03-10 15:00:00,41.9,1005.7,11.0,AWS-MUM-101,Thane,MUM,neighbor,False,
2025-03-10 16:00:00,39.0,1005.8,17.0,AWS-MUM-101,Thane,MUM,neighbor,False,
2025-03-10 17:00:00,35.3,1006.8,24.0,AWS-MUM-101,Thane,MUM,neighbor,False,
2025-03-10 18:00:00,33.6,1007.5,28.0,AWS-MUM-101,Thane,MUM,neighbor,False,
2025-03-10 19:00:00,32.2,1008.4,,AWS-MUM-101,Thane,MUM,neighbor,True,dropout
2025-03-10 20:00:00,31.3,1009.5,37.0,AWS-MUM-101,Thane,MUM,neighbor,False,
2025-03-10 21:00:00,30.3,1010.3,40.0,AWS-MUM-101,Thane,MUM,neighbor,False,
2025-03-10 22:00:00,29.5,1010.3,42.0,AWS-MUM-101,Thane,MUM,neighbor,False,
2025-03-10 23:00:00,28.8,1010.3,43.0,AWS-MUM-101,Thane,MUM,neighbor,False,
2025-03-11 00:00:00,28.1,1009.8,47.0,AWS-MUM-101,Thane,MUM,neighbor,False,
2025-03-11 01:00:00,27.4,1009.2,47.0,AWS-MUM-101,Thane,MUM,neighbor,False,
2025-03-11 02:00:00,26.9,1000.7943502828563,46.0,AWS-MUM-101,Thane,MUM,neighbor,True,spike
2025-03-11 03:00:00,26.3,1008.3,48.0,AWS-MUM-101,Thane,MUM,neighbor,False,
2025-03-11 04:00:00,25.2,1008.3,49.0,AWS-MUM-101,Thane,MUM,neighbor,False,
2025-03-11 05:00:00,25.0,1008.6,49.0,AWS-MUM-101,Thane,MUM,neighbor,False,
2025-03-11 06:00:00,25.2,1009.6,47.0,AWS-MUM-101,Thane,MUM,neighbor,False,
2025-03-11 07:00:00,25.6,1010.6,44.0,AWS-MUM-101,Thane,MUM,neighbor,False,
2025-03-11 08:00:00,27.9,1011.8,38.0,AWS-MUM-101,Thane,MUM,neighbor,False,
2025-03-11 09:00:00,31.4,1012.6,32.0,AWS-MUM-101,Thane,MUM,neighbor,False,
2025-03-11 10:00:00,35.2,1012.5,25.0,AWS-MUM-101,Thane,MUM,neighbor,False,
2025-03-11 11:00:00,38.2,1011.6,20.0,AWS-MUM-101,Thane,MUM,neighbor,False,
2025-03-11 12:00:00,39.9,1010.3,16.0,AWS-MUM-101,Thane,MUM,neighbor,False,
2025-03-11 13:00:00,40.9,1008.6,15.0,AWS-MUM-101,Thane,MUM,neighbor,False,
2025-03-11 14:00:00,41.3,1007.6,14.0,AWS-MUM-101,Thane,MUM,neighbor,False,
2025-03-11 15:00:00,40.0,1006.8,18.0,AWS-MUM-101,Thane,MUM,neighbor,False,
2025-03-11 16:00:00,36.5,1006.7,27.0,AWS-MUM-101,Thane,MUM,neighbor,False,
2025-03-11 17:00:00,35.4,1007.1,29.0,AWS-MUM-101,Thane,MUM,neighbor,False,
2025-03-11 18:00:00,32.5,1008.0,42.0,AWS-MUM-101,Thane,MUM,neighbor,False,
2025-03-11 19:00:00,30.8,1009.0,49.0,AWS-MUM-101,Thane,MUM,neighbor,False,
2025-03-11 20:00:00,30.2,1010.3,51.0,AWS-MUM-101,Thane,MUM,neighbor,False,
2025-03-11 21:00:00,29.9,1011.1,50.0,AWS-MUM-101,Thane,MUM,neighbor,False,
2025-03-11 22:00:00,29.1,1011.1,56.0,AWS-MUM-101,Thane,MUM,neighbor,False,
2025-03-11 23:00:00,28.4,1010.8,54.0,AWS-MUM-101,Thane,MUM,neighbor,False,
2025-03-12 00:00:00,27.4,1010.1,57.0,AWS-MUM-101,Thane,MUM,neighbor,False,
2025-03-12 01:00:00,26.6,1009.4,59.0,AWS-MUM-101,Thane,MUM,neighbor,False,
2025-03-12 02:00:00,25.8,1008.6,62.0,AWS-MUM-101,Thane,MUM,neighbor,False,
2025-03-12 03:00:00,25.2,1008.2,64.0,AWS-MUM-101,Thane,MUM,neighbor,False,
2025-03-12 04:00:00,24.9,1007.9,63.0,AWS-MUM-101,Thane,MUM,neighbor,False,
2025-03-12 05:00:00,24.3,1008.4,66.0,AWS-MUM-101,Thane,MUM,neighbor,False,
2025-03-12 06:00:00,23.8,1009.4,70.0,AWS-MUM-101,Thane,MUM,neighbor,False,
2025-03-12 07:00:00,24.1,1009.8,68.0,AWS-MUM-101,Thane,MUM,neighbor,False,
2025-03-12 08:00:00,27.2,47.761839101989764,54.0,AWS-MUM-101,Thane,MUM,neighbor,True,sensor_fail_low
2025-03-12 09:00:00,30.9,51.04007722078161,40.0,AWS-MUM-101,Thane,MUM,neighbor,True,sensor_fail_low
2025-03-12 10:00:00,34.6,50.79020746613794,28.0,AWS-MUM-101,Thane,MUM,neighbor,True,sensor_fail_low
2025-03-12 11:00:00,37.2,50.29351415552687,22.0,AWS-MUM-101,Thane,MUM,neighbor,True,sensor_fail_low
2025-03-12 12:00:00,39.4,1008.7,17.0,AWS-MUM-101,Thane,MUM,neighbor,False,
2025-03-12 13:00:00,40.7,1007.2,15.0,AWS-MUM-101,Thane,MUM,neighbor,False,
2025-03-12 14:00:00,40.8,1006.2,15.0,AWS-MUM-101,Thane,MUM,neighbor,False,
2025-03-12 15:00:00,39.2,1005.6,19.0,AWS-MUM-101,Thane,MUM,neighbor,False,
2025-03-12 16:00:00,37.0,1005.4,22.0,AWS-MUM-101,Thane,MUM,neighbor,False,
2025-03-12 17:00:00,34.8,1005.5,29.0,AWS-MUM-101,Thane,MUM,neighbor,False,
2025-03-12 18:00:00,32.2,1006.2,40.0,AWS-MUM-101,Thane,MUM,neighbor,False,
2025-03-12 19:00:00,30.3,1007.2,52.0,AWS-MUM-101,Thane,MUM,neighbor,False,
2025-03-12 20:00:00,29.4,1008.4,57.0,AWS-MUM-101,Thane,MUM,neighbor,False,
2025-03-12 21:00:00,29.1,1009.3,59.0,AWS-MUM-101,Thane,MUM,neighbor,False,
2025-03-12 22:00:00,28.5,1009.6,61.0,AWS-MUM-101,Thane,MUM,neighbor,False,
2025-03-12 23:00:00,27.8,1009.5,65.0,AWS-MUM-101,Thane,MUM,neighbor,False,
2025-03-13 00:00:00,27.2,1009.1,67.0,AWS-MUM-101,Thane,MUM,neighbor,False,
2025-03-13 01:00:00,26.4,1008.7,71.0,AWS-MUM-101,Thane,MUM,neighbor,False,
2025-03-13 02:00:00,25.5,1008.0,74.0,AWS-MUM-101,Thane,MUM,neighbor,False,
2025-03-13 03:00:00,25.1,1007.6,72.0,AWS-MUM-101,Thane,MUM,neighbor,False,
2025-03-13 04:00:00,24.2,1007.6,76.0,AWS-MUM-101,Thane,MUM,neighbor,False,
2025-03-13 05:00:00,23.6,1007.7,80.0,AWS-MUM-101,Thane,MUM,neighbor,False,
2025-03-13 06:00:00,23.7,1008.4,79.0,AWS-MUM-101,Thane,MUM,neighbor,False,
2025-03-13 07:00:00,24.2,1009.0,75.0,AWS-MUM-101,Thane,MUM,neighbor,False,
2025-03-13 08:00:00,27.2,1009.7,60.0,AWS-MUM-101,Thane,MUM,neighbor,False,
2025-03-13 09:00:00,31.1,1010.3,44.0,AWS-MUM-101,Thane,MUM,neighbor,False,
2025-03-13 10:00:00,34.9,1010.1,30.0,AWS-MUM-101,Thane,MUM,neighbor,False,
2025-03-13 11:00:00,37.9,1009.4,22.0,AWS-MUM-101,Thane,MUM,neighbor,False,
2025-03-13 12:00:00,39.2,1008.2,20.0,AWS-MUM-101,Thane,MUM,neighbor,False,
2025-03-13 13:00:00,38.6,1006.9,26.0,AWS-MUM-101,Thane,MUM,neighbor,False,
2025-03-13 14:00:00,38.0,1005.9,27.0,AWS-MUM-101,Thane,MUM,neighbor,False,
2025-03-13 15:00:00,37.3,1005.3,28.0,AWS-MUM-101,Thane,MUM,neighbor,False,
2025-03-13 16:00:00,36.4,1005.0,30.0,AWS-MUM-101,Thane,MUM,neighbor,False,
2025-03-13 17:00:00,35.0,1005.2,33.0,AWS-MUM-101,Thane,MUM,neighbor,False,
2025-03-13 18:00:00,32.3,1005.9,46.0,AWS-MUM-101,Thane,MUM,neighbor,False,
2025-03-13 19:00:00,30.5,1006.4,53.0,AWS-MUM-101,Thane,MUM,neighbor,False,
2025-03-13 20:00:00,29.3,1007.4,58.0,AWS-MUM-101,Thane,MUM,neighbor,False,
2025-03-13 21:00:00,28.3,1008.1,65.0,AWS-MUM-101,Thane,MUM,neighbor,False,
2025-03-13 22:00:00,27.7,1008.6,71.0,AWS-MUM-101,Thane,MUM,neighbor,False,
2025-03-13 23:00:00,26.9,1008.7,76.0,AWS-MUM-101,Thane,MUM,neighbor,False,
2025-03-14 00:00:00,26.0,1008.6,81.0,AWS-MUM-101,Thane,MUM,neighbor,False,
2025-03-14 01:00:00,25.0,1008.1,85.0,AWS-MUM-101,Thane,MUM,neighbor,False,
2025-03-14 02:00:00,24.4,1007.7,89.0,AWS-MUM-101,Thane,MUM,neighbor,False,
2025-03-14 03:00:00,23.7,1007.4,91.0,AWS-MUM-101,Thane,MUM,neighbor,False,
2025-03-14 04:00:00,23.5,1007.6,90.0,AWS-MUM-101,Thane,MUM,neighbor,False,
2025-03-14 05:00:00,23.1,1007.8,91.0,AWS-MUM-101,Thane,MUM,neighbor,False,
2025-03-14 06:00:00,23.8,1009.0,94.0,AWS-MUM-101,Thane,MUM,neighbor,False,
2025-03-14 07:00:00,24.3,1009.6,92.0,AWS-MUM-101,Thane,MUM,neighbor,False,
2025-03-14 08:00:00,27.4,1010.4,141.9822525585676,AWS-MUM-101,Thane,MUM,neighbor,True,spike
2025-03-14 09:00:00,31.1,1011.2,47.0,AWS-MUM-101,Thane,MUM,neighbor,False,
2025-03-14 10:00:00,34.2,1011.0,33.0,AWS-MUM-101,Thane,MUM,neighbor,False,
2025-03-14 11:00:00,36.6,1010.2,27.0,AWS-MUM-101,Thane,MUM,neighbor,False,
2025-03-14 12:00:00,38.5,1009.0,22.0,AWS-MUM-101,Thane,MUM,neighbor,False,
2025-03-14 13:00:00,38.9,1007.7,23.0,AWS-MUM-101,Thane,MUM,neighbor,False,
2025-03-14 14:00:00,38.8,1006.5,23.0,AWS-MUM-101,Thane,MUM,neighbor,False,
2025-03-14 15:00:00,38.4,1005.9,19.0,AWS-MUM-101,Thane,MUM,neighbor,False,
2025-03-14 16:00:00,37.9,1005.7,15.0,AWS-MUM-101,Thane,MUM,neighbor,False,
2025-03-14 17:00:00,36.3,1006.0,16.0,AWS-MUM-101,Thane,MUM,neighbor,False,
2025-03-14 18:00:00,33.6,1006.8,23.0,AWS-MUM-101,Thane,MUM,neighbor,False,
2025-03-14 19:00:00,31.4,1007.4,29.0,AWS-MUM-101,Thane,MUM,neighbor,False,
2025-03-14 20:00:00,29.9,1008.0,36.0,AWS-MUM-101,Thane,MUM,neighbor,False,
2025-03-14 21:00:00,28.9,1008.7,40.0,AWS-MUM-101,Thane,MUM,neighbor,False,
2025-03-14 22:00:00,27.9,1009.1,46.0,AWS-MUM-101,Thane,MUM,neighbor,False,
2025-03-14 23:00:00,26.6,1009.2,55.0,AWS-MUM-101,Thane,MUM,neighbor,False,
2025-03-15 00:00:00,25.7,1009.1,59.0,AWS-MUM-101,Thane,MUM,neighbor,False,
2025-03-15 01:00:00,25.1,1008.5,64.0,AWS-MUM-101,Thane,MUM,neighbor,False,
2025-03-15 02:00:00,24.3,1008.2,69.0,AWS-MUM-101,Thane,MUM,neighbor,False,
2025-03-15 03:00:00,23.7,1007.8,73.0,AWS-MUM-101,Thane,MUM,neighbor,False,
2025-03-15 04:00:00,23.2,1007.6,75.0,AWS-MUM-101,Thane,MUM,neighbor,False,
2025-03-15 05:00:00,22.5,1007.9,78.0,AWS-MUM-101,Thane,MUM,neighbor,False,
2025-03-15 06:00:00,22.9,1009.1,83.0,AWS-MUM-101,Thane,MUM,neighbor,False,
2025-03-15 07:00:00,23.2,1009.8,79.0,AWS-MUM-101,Thane,MUM,neighbor,False,
2025-03-15 08:00:00,26.3,1010.5,61.0,AWS-MUM-101,Thane,MUM,neighbor,False,
2025-03-15 09:00:00,30.2,1011.0,45.0,AWS-MUM-101,Thane,MUM,neighbor,False,
2025-03-15 10:00:00,33.7,1011.2,29.0,AWS-MUM-101,Thane,MUM,neighbor,False,
2025-03-15 11:00:00,36.4,1010.4,21.0,AWS-MUM-101,Thane,MUM,neighbor,False,
2025-03-15 12:00:00,38.4,1009.4,16.0,AWS-MUM-101,Thane,MUM,neighbor,False,
2025-03-15 13:00:00,39.2,1008.3,17.0,AWS-MUM-101,Thane,MUM,neighbor,False,
2025-03-15 14:00:00,38.8,1007.7,18.0,AWS-MUM-101,Thane,MUM,neighbor,False,
2025-03-15 15:00:00,37.7,1007.3,18.0,AWS-MUM-101,Thane,MUM,neighbor,False,
2025-03-15 16:00:00,36.0,1007.2,21.0,AWS-MUM-101,Thane,MUM,neighbor,False,
2025-03-15 17:00:00,33.7,1007.6,30.0,AWS-MUM-101,Thane,MUM,neighbor,False,
2025-03-15 18:00:00,31.3,1008.1,40.0,AWS-MUM-101,Thane,MUM,neighbor,False,
2025-03-15 19:00:00,30.0,1008.6,47.0,AWS-MUM-101,Thane,MUM,neighbor,False,
2025-03-15 20:00:00,29.0,1009.4,54.0,AWS-MUM-101,Thane,MUM,neighbor,False,
2025-03-15 21:00:00,28.6,1010.7,55.0,AWS-MUM-101,Thane,MUM,neighbor,False,
2025-03-15 22:00:00,28.4,1011.4,55.0,AWS-MUM-101,Thane,MUM,neighbor,False,
2025-03-15 23:00:00,27.3,1011.2,59.0,AWS-MUM-101,Thane,MUM,neighbor,False,
2025-03-16 00:00:00,26.3,1011.0,63.0,AWS-MUM-101,Thane,MUM,neighbor,False,
2025-03-16 01:00:00,25.5,1010.5,66.0,AWS-MUM-101,Thane,MUM,neighbor,False,
2025-03-16 02:00:00,24.7,1009.9,70.0,AWS-MUM-101,Thane,MUM,neighbor,False,
2025-03-16 03:00:00,24.0,1009.3,74.0,AWS-MUM-101,Thane,MUM,neighbor,False,
2025-03-16 04:00:00,23.6,1009.3,76.0,AWS-MUM-101,Thane,MUM,neighbor,False,
2025-03-16 05:00:00,23.4,1009.5,76.0,AWS-MUM-101,Thane,MUM,neighbor,False,
2025-03-16 06:00:00,23.6,1010.4,75.0,AWS-MUM-101,Thane,MUM,neighbor,False,
2025-03-16 07:00:00,24.1,1011.2,73.0,AWS-MUM-101,Thane,MUM,neighbor,False,
2025-03-16 08:00:00,26.7,1012.0,58.0,AWS-MUM-101,Thane,MUM,neighbor,False,
2025-03-16 09:00:00,29.6,1012.4,46.0,AWS-MUM-101,Thane,MUM,neighbor,False,
2025-03-16 10:00:00,32.3,1012.5,39.0,AWS-MUM-101,Thane,MUM,neighbor,False,
2025-03-16 11:00:00,34.8,1011.5,31.0,AWS-MUM-101,Thane,MUM,neighbor,False,
2025-03-16 12:00:00,36.8,1010.3,25.0,AWS-MUM-101,Thane,MUM,neighbor,False,
2025-03-16 13:00:00,37.9,1008.7,23.0,AWS-MUM-101,Thane,MUM,neighbor,False,
2025-03-16 14:00:00,38.2,1007.7,25.0,AWS-MUM-101,Thane,MUM,neighbor,False,
2025-03-16 15:00:00,,1006.8,26.0,AWS-MUM-101,Thane,MUM,neighbor,True,dropout
2025-03-16 16:00:00,36.0,1006.6,26.0,AWS-MUM-101,Thane,MUM,neighbor,False,
2025-03-16 17:00:00,34.8,1006.6,26.0,AWS-MUM-101,Thane,MUM,neighbor,False,
2025-03-16 18:00:00,32.7,1007.1,32.0,AWS-MUM-101,Thane,MUM,neighbor,False,
2025-03-16 19:00:00,31.3,1007.5,32.0,AWS-MUM-101,Thane,MUM,neighbor,False,
2025-03-16 20:00:00,30.4,1008.2,31.0,AWS-MUM-101,Thane,MUM,neighbor,False,
2025-03-16 21:00:00,29.8,1009.0,30.0,AWS-MUM-101,Thane,MUM,neighbor,False,
2025-03-16 22:00:00,28.9,1009.5,32.0,AWS-MUM-101,Thane,MUM,neighbor,False,
2025-03-16 23:00:00,27.5,1009.9,39.0,AWS-MUM-101,Thane,MUM,neighbor,False,
2025-03-17 00:00:00,26.5,1009.9,50.0,AWS-MUM-101,Thane,MUM,neighbor,False,
2025-03-17 01:00:00,25.6,1009.6,63.0,AWS-MUM-101,Thane,MUM,neighbor,False,
2025-03-17 02:00:00,24.8,1009.2,70.0,AWS-MUM-101,Thane,MUM,neighbor,False,
2025-03-17 03:00:00,24.2,1009.1,74.0,AWS-MUM-101,Thane,MUM,neighbor,False,
2025-03-17 04:00:00,23.6,1008.8,77.0,AWS-MUM-101,Thane,MUM,neighbor,False,
2025-03-17 05:00:00,23.1,1009.0,80.0,AWS-MUM-101,Thane,MUM,neighbor,False,
2025-03-17 06:00:00,23.4,1009.9,83.0,AWS-MUM-101,Thane,MUM,neighbor,False,
2025-03-17 07:00:00,23.8,1010.3,81.0,AWS-MUM-101,Thane,MUM,neighbor,False,
2025-03-17 08:00:00,26.7,1011.1,63.0,AWS-MUM-101,Thane,MUM,neighbor,False,
2025-03-17 09:00:00,30.0,1011.6,46.0,AWS-MUM-101,Thane,MUM,neighbor,False,
2025-03-17 10:00:00,33.0,1011.7,33.0,AWS-MUM-101,Thane,MUM,neighbor,False,
2025-03-17 11:00:00,35.4,1011.5,26.0,AWS-MUM-101,Thane,MUM,neighbor,False,
2025-03-17 12:00:00,37.2,1010.4,21.0,AWS-MUM-101,Thane,MUM,neighbor,False,
2025-03-17 13:00:00,38.1,1009.0,20.0,AWS-MUM-101,Thane,MUM,neighbor,False,
2025-03-17 14:00:00,37.4,1008.0,22.0,AWS-MUM-101,Thane,MUM,neighbor,False,
2025-03-17 15:00:00,36.6,1007.3,22.0,AWS-MUM-101,Thane,MUM,neighbor,False,
2025-03-17 16:00:00,35.8,1007.3,21.0,AWS-MUM-101,Thane,MUM,neighbor,False,
2025-03-17 17:00:00,34.4,1007.6,23.0,AWS-MUM-101,Thane,MUM,neighbor,False,
2025-03-17 18:00:00,32.2,1008.5,32.0,AWS-MUM-101,Thane,MUM,neighbor,False,
2025-03-17 19:00:00,55.89932845901927,1008.937284856937,92.91497488403894,AWS-MUM-101,Thane,MUM,neighbor,True,multivariate_inconsistency
2025-03-17 20:00:00,54.49932845901928,1009.1606999667777,96.91497488403894,AWS-MUM-101,Thane,MUM,neighbor,True,multivariate_inconsistency
2025-03-17 21:00:00,53.599328459019276,1009.9952304294966,99.91497488403894,AWS-MUM-101,Thane,MUM,neighbor,True,multivariate_inconsistency
2025-03-17 22:00:00,27.0,1010.4,53.0,AWS-MUM-101,Thane,MUM,neighbor,False,
2025-03-17 23:00:00,26.2,1010.1,60.0,AWS-MUM-101,Thane,MUM,neighbor,False,
2025-03-18 00:00:00,25.2,1009.9,70.0,AWS-MUM-101,Thane,MUM,neighbor,False,
2025-03-18 01:00:00,24.2,1009.6,74.0,AWS-MUM-101,Thane,MUM,neighbor,False,
2025-03-18 02:00:00,23.3,1008.8,80.0,AWS-MUM-101,Thane,MUM,neighbor,False,
2025-03-18 03:00:00,22.5,1008.6,84.0,AWS-MUM-101,Thane,MUM,neighbor,False,
2025-03-18 04:00:00,22.0,1008.4,88.0,AWS-MUM-101,Thane,MUM,neighbor,False,
2025-03-18 05:00:00,21.7,1008.4,91.0,AWS-MUM-101,Thane,MUM,neighbor,False,
2025-03-18 06:00:00,22.2,1009.0,93.0,AWS-MUM-101,Thane,MUM,neighbor,False,
2025-03-18 07:00:00,22.6,1009.5,91.0,AWS-MUM-101,Thane,MUM,neighbor,False,
2025-03-18 08:00:00,25.4,1010.1,75.0,AWS-MUM-101,Thane,MUM,neighbor,False,
2025-03-18 09:00:00,29.1,1010.7,50.0,AWS-MUM-101,Thane,MUM,neighbor,False,
2025-03-18 10:00:00,32.1,1010.6,35.0,AWS-MUM-101,Thane,MUM,neighbor,False,
2025-03-18 11:00:00,34.8,1010.0,25.0,AWS-MUM-101,Thane,MUM,neighbor,False,
2025-03-18 12:00:00,37.1,1008.8,19.0,AWS-MUM-101,Thane,MUM,neighbor,False,
2025-03-18 13:00:00,38.2,1007.5,19.0,AWS-MUM-101,Thane,MUM,neighbor,False,
2025-03-18 14:00:00,37.6,1006.8,24.0,AWS-MUM-101,Thane,MUM,neighbor,False,
2025-03-18 15:00:00,35.9,1006.6,28.0,AWS-MUM-101,Thane,MUM,neighbor,False,
2025-03-18 16:00:00,34.9,1006.7,25.0,AWS-MUM-101,Thane,MUM,neighbor,False,
2025-03-18 17:00:00,33.0,1007.1,31.0,AWS-MUM-101,Thane,MUM,neighbor,False,
2025-03-18 18:00:00,30.7,1007.9,40.0,AWS-MUM-101,Thane,MUM,neighbor,False,
2025-03-18 19:00:00,28.8,1008.4,52.0,AWS-MUM-101,Thane,MUM,neighbor,False,
2025-03-18 20:00:00,27.6,1009.1,60.0,AWS-MUM-101,Thane,MUM,neighbor,False,
2025-03-18 21:00:00,26.9,1009.9,65.0,AWS-MUM-101,Thane,MUM,neighbor,False,
2025-03-18 22:00:00,26.1,1010.4,70.0,AWS-MUM-101,Thane,MUM,neighbor,False,
2025-03-18 23:00:00,25.2,1010.4,76.0,AWS-MUM-101,Thane,MUM,neighbor,False,
2025-03-19 00:00:00,24.3,1010.1,81.0,AWS-MUM-101,Thane,MUM,neighbor,False,
2025-03-19 01:00:00,23.8,1009.7,83.0,AWS-MUM-101,Thane,MUM,neighbor,False,
2025-03-19 02:00:00,23.7,1009.2,81.0,AWS-MUM-101,Thane,MUM,neighbor,False,
2025-03-19 03:00:00,23.0,1008.8,86.0,AWS-MUM-101,Thane,MUM,neighbor,False,
2025-03-19 04:00:00,22.4,1009.0,90.0,AWS-MUM-101,Thane,MUM,neighbor,False,
2025-03-19 05:00:00,22.2,1009.2,90.0,AWS-MUM-101,Thane,MUM,neighbor,False,
2025-03-19 06:00:00,22.0,1010.3,95.0,AWS-MUM-101,Thane,MUM,neighbor,False,
2025-03-19 07:00:00,60.10911159182476,1010.8074377196064,158.48437055307667,AWS-MUM-101,Thane,MUM,neighbor,True,multivariate_inconsistency
2025-03-19 08:00:00,63.30911159182476,1011.6505664165716,137.48437055307667,AWS-MUM-101,Thane,MUM,neighbor,True,multivariate_inconsistency
2025-03-19 09:00:00,66.70911159182475,1011.9649159104576,115.48437055307667,AWS-MUM-101,Thane,MUM,neighbor,True,multivariate_inconsistency
2025-03-19 10:00:00,69.80911159182476,1011.8668459771374,99.48437055307667,AWS-MUM-101,Thane,MUM,neighbor,True,multivariate_inconsistency
2025-03-19 11:00:00,34.9,1011.5,24.0,AWS-MUM-101,Thane,MUM,neighbor,False,
2025-03-19 12:00:00,36.5,1010.4,20.0,AWS-MUM-101,Thane,MUM,neighbor,False,
2025-03-19 13:00:00,36.4,1009.5,27.0,AWS-MUM-101,Thane,MUM,neighbor,False,
2025-03-19 14:00:00,35.3,1008.6,35.0,AWS-MUM-101,Thane,MUM,neighbor,False,
2025-03-19 15:00:00,34.5,1007.9,37.0,AWS-MUM-101,Thane,MUM,neighbor,False,
2025-03-19 16:00:00,33.9,1007.9,36.0,AWS-MUM-101,Thane,MUM,neighbor,False,
2025-03-19 17:00:00,32.7,1008.0,35.0,AWS-MUM-101,Thane,MUM,neighbor,False,
2025-03-19 18:00:00,30.4,1009.3,39.0,AWS-MUM-101,Thane,MUM,neighbor,False,
2025-03-19 19:00:00,28.8,1009.9,42.0,AWS-MUM-101,Thane,MUM,neighbor,False,
2025-03-19 20:00:00,27.9,1010.9,42.0,AWS-MUM-101,Thane,MUM,neighbor,False,
2025-03-19 21:00:00,27.1,1011.6,45.0,AWS-MUM-101,Thane,MUM,neighbor,False,
2025-03-19 22:00:00,26.4,1011.9,50.0,AWS-MUM-101,Thane,MUM,neighbor,False,
2025-03-19 23:00:00,25.3,1012.0,60.0,AWS-MUM-101,Thane,MUM,neighbor,False,
2025-03-20 00:00:00,24.6,1011.7,65.0,AWS-MUM-101,Thane,MUM,neighbor,False,
2025-03-20 01:00:00,,1011.3,69.0,AWS-MUM-101,Thane,MUM,neighbor,True,dropout
2025-03-20 02:00:00,23.3,1010.9,69.0,AWS-MUM-101,Thane,MUM,neighbor,False,
2025-03-20 03:00:00,23.0,1010.3,66.0,AWS-MUM-101,Thane,MUM,neighbor,False,
2025-03-20 04:00:00,22.2,1010.2,69.0,AWS-MUM-101,Thane,MUM,neighbor,False,
2025-03-20 05:00:00,21.8,1010.7,74.0,AWS-MUM-101,Thane,MUM,neighbor,False,
2025-03-20 06:00:00,22.2,1011.6,74.0,AWS-MUM-101,Thane,MUM,neighbor,False,
2025-03-20 07:00:00,22.8,1012.4,72.0,AWS-MUM-101,Thane,MUM,neighbor,False,
2025-03-20 08:00:00,26.0,1013.3,54.0,AWS-MUM-101,Thane,MUM,neighbor,False,
2025-03-20 09:00:00,29.8,1013.9,34.0,AWS-MUM-101,Thane,MUM,neighbor,False,
2025-03-20 10:00:00,32.9,1013.8,24.0,AWS-MUM-101,Thane,MUM,neighbor,False,
2025-03-20 11:00:00,35.5,1013.3,16.0,AWS-MUM-101,Thane,MUM,neighbor,False,
2025-03-20 12:00:00,37.1,1012.0,13.0,AWS-MUM-101,Thane,MUM,neighbor,False,
2025-03-20 13:00:00,38.0,1011.0,12.0,AWS-MUM-101,Thane,MUM,neighbor,False,
2025-03-20 14:00:00,38.1,1009.8,14.0,AWS-MUM-101,Thane,MUM,neighbor,False,
2025-03-20 15:00:00,37.5,1009.1,13.0,AWS-MUM-101,Thane,MUM,neighbor,False,
2025-03-20 16:00:00,36.5,1009.1,11.0,AWS-MUM-101,Thane,MUM,neighbor,False,
2025-03-20 17:00:00,35.2,1009.3,10.0,AWS-MUM-101,Thane,MUM,neighbor,False,
2025-03-20 18:00:00,33.3,1010.6,13.0,AWS-MUM-101,Thane,MUM,neighbor,False,
2025-03-20 19:00:00,31.2,1011.2,21.0,AWS-MUM-101,Thane,MUM,neighbor,False,
2025-03-20 20:00:00,29.7,1011.8,26.0,AWS-MUM-101,Thane,MUM,neighbor,False,
2025-03-20 21:00:00,28.6,1012.6,33.0,AWS-MUM-101,Thane,MUM,neighbor,False,
2025-03-20 22:00:00,27.1,1013.1,50.0,AWS-MUM-101,Thane,MUM,neighbor,False,
2025-03-20 23:00:00,26.0,1013.1,64.0,AWS-MUM-101,Thane,MUM,neighbor,False,
2025-03-21 00:00:00,25.4,1012.9,69.0,AWS-MUM-101,Thane,MUM,neighbor,False,
2025-03-21 01:00:00,25.2,1012.5,67.0,AWS-MUM-101,Thane,MUM,neighbor,False,
2025-03-21 02:00:00,24.7,1011.9,65.0,AWS-MUM-101,Thane,MUM,neighbor,False,
2025-03-21 03:00:00,24.0,1011.7,66.0,AWS-MUM-101,Thane,MUM,neighbor,False,
2025-03-21 04:00:00,23.7,1011.9,69.0,AWS-MUM-101,Thane,MUM,neighbor,False,
2025-03-21 05:00:00,23.2,1012.3,73.0,AWS-MUM-101,Thane,MUM,neighbor,False,
2025-03-21 06:00:00,22.9,1013.1,80.0,AWS-MUM-101,Thane,MUM,neighbor,False,
2025-03-21 07:00:00,23.5,1013.5,79.0,AWS-MUM-101,Thane,MUM,neighbor,False,
2025-03-21 08:00:00,26.0,1014.5,64.0,AWS-MUM-101,Thane,MUM,neighbor,False,
2025-03-21 09:00:00,28.7,1015.0,54.0,AWS-MUM-101,Thane,MUM,neighbor,False,
2025-03-21 10:00:00,31.2,1014.7,45.0,AWS-MUM-101,Thane,MUM,neighbor,False,
2025-03-21 11:00:00,33.7,1014.1,33.0,AWS-MUM-101,Thane,MUM,neighbor,False,
2025-03-21 12:00:00,35.5,1012.7,25.0,AWS-MUM-101,Thane,MUM,neighbor,False,
2025-03-21 13:00:00,36.6,1011.3,23.0,AWS-MUM-101,Thane,MUM,neighbor,False,
2025-03-21 14:00:00,35.7,1010.4,29.0,AWS-MUM-101,Thane,MUM,neighbor,False,
2025-03-21 15:00:00,34.2,1009.6,34.0,AWS-MUM-101,Thane,MUM,neighbor,False,
2025-03-21 16:00:00,33.4,1009.4,31.0,AWS-MUM-101,Thane,MUM,neighbor,False,
2025-03-21 17:00:00,31.7,1009.5,35.0,AWS-MUM-101,Thane,MUM,neighbor,False,
2025-03-21 18:00:00,29.4,1010.2,44.0,AWS-MUM-101,Thane,MUM,neighbor,False,
2025-03-21 19:00:00,27.9,1011.1,52.0,AWS-MUM-101,Thane,MUM,neighbor,False,
2025-03-21 20:00:00,27.0,1011.7,59.0,AWS-MUM-101,Thane,MUM,neighbor,False,
2025-03-21 21:00:00,26.2,1012.1,65.0,AWS-MUM-101,Thane,MUM,neighbor,False,
2025-03-21 22:00:00,25.3,1012.4,71.0,AWS-MUM-101,Thane,MUM,neighbor,False,
2025-03-21 23:00:00,24.3,1012.4,77.0,AWS-MUM-101,Thane,MUM,neighbor,False,
2025-03-22 00:00:00,23.5,1012.3,83.0,AWS-MUM-101,Thane,MUM,neighbor,False,
2025-03-22 01:00:00,22.5,1011.9,90.0,AWS-MUM-101,Thane,MUM,neighbor,False,
2025-03-22 02:00:00,21.9,1011.4,93.0,AWS-MUM-101,Thane,MUM,neighbor,False,
2025-03-22 03:00:00,21.5,1011.0,92.0,AWS-MUM-101,Thane,MUM,neighbor,False,
2025-03-22 04:00:00,21.1,1011.0,93.0,AWS-MUM-101,Thane,MUM,neighbor,False,
2025-03-22 05:00:00,20.8,1011.4,94.0,AWS-MUM-101,Thane,MUM,neighbor,False,
2025-03-22 06:00:00,21.1,1012.1,94.0,AWS-MUM-101,Thane,MUM,neighbor,False,
2025-03-22 07:00:00,21.9,1012.8,86.0,AWS-MUM-101,Thane,MUM,neighbor,False,
2025-03-22 08:00:00,24.8,1013.9,66.0,AWS-MUM-101,Thane,MUM,neighbor,False,
2025-03-22 09:00:00,27.6,1014.2,57.0,AWS-MUM-101,Thane,MUM,neighbor,False,
2025-03-22 10:00:00,30.7,1013.8,42.0,AWS-MUM-101,Thane,MUM,neighbor,False,
2025-03-22 11:00:00,33.5,1013.0,30.0,AWS-MUM-101,Thane,MUM,neighbor,False,
2025-03-22 12:00:00,35.9,1011.7,18.0,AWS-MUM-101,Thane,MUM,neighbor,False,
2025-03-22 13:00:00,37.3,1010.2,14.0,AWS-MUM-101,Thane,MUM,neighbor,False,
2025-03-22 14:00:00,38.0,1009.0,12.0,AWS-MUM-101,Thane,MUM,neighbor,False,
2025-03-22 15:00:00,36.7,1008.1,18.0,AWS-MUM-101,Thane,MUM,neighbor,False,
2025-03-22 16:00:00,,1008.0,37.0,AWS-MUM-101,Thane,MUM,neighbor,True,dropout
2025-03-22 17:00:00,32.0,1008.0,40.0,AWS-MUM-101,Thane,MUM,neighbor,False,
2025-03-22 18:00:00,30.3,1008.8,47.0,AWS-MUM-101,Thane,MUM,neighbor,False,
2025-03-22 19:00:00,28.7,1009.3,55.0,AWS-MUM-101,Thane,MUM,neighbor,False,
2025-03-22 20:00:00,27.6,1010.0,62.0,AWS-MUM-101,Thane,MUM,neighbor,False,
2025-03-22 21:00:00,27.1,1010.9,63.0,AWS-MUM-101,Thane,MUM,neighbor,False,
2025-03-22 22:00:00,26.7,1011.4,64.0,AWS-MUM-101,Thane,MUM,neighbor,False,
2025-03-22 23:00:00,26.0,1011.2,67.0,AWS-MUM-101,Thane,MUM,neighbor,False,
2025-03-23 00:00:00,25.0,1010.7,73.0,AWS-MUM-101,Thane,MUM,neighbor,False,
2025-03-23 01:00:00,24.2,1010.3,76.0,AWS-MUM-101,Thane,MUM,neighbor,False,
2025-03-23 02:00:00,23.6,1009.7,79.0,AWS-MUM-101,Thane,MUM,neighbor,False,
2025-03-23 03:00:00,22.7,1009.5,85.0,AWS-MUM-101,Thane,MUM,neighbor,False,
2025-03-23 04:00:00,22.2,1009.8,89.0,AWS-MUM-101,Thane,MUM,neighbor,False,
2025-03-23 05:00:00,21.8,1010.3,91.0,AWS-MUM-101,Thane,MUM,neighbor,False,
2025-03-23 06:00:00,22.0,1011.3,95.0,AWS-MUM-101,Thane,MUM,neighbor,False,
2025-03-23 07:00:00,22.8,1012.0,92.0,AWS-MUM-101,Thane,MUM,neighbor,False,
2025-03-23 08:00:00,26.1,1012.7,70.0,AWS-MUM-101,Thane,MUM,neighbor,False,
2025-03-23 09:00:00,29.1,1013.0,56.0,AWS-MUM-101,Thane,MUM,neighbor,False,
2025-03-23 10:00:00,32.2,1012.9,42.0,AWS-MUM-101,Thane,MUM,neighbor,False,
2025-03-23 11:00:00,35.2,1012.0,29.0,AWS-MUM-101,Thane,MUM,neighbor,False,
2025-03-23 12:00:00,38.0,1010.6,17.0,AWS-MUM-101,Thane,MUM,neighbor,False,
2025-03-23 13:00:00,39.6,1009.2,12.0,AWS-MUM-101,Thane,MUM,neighbor,False,
2025-03-23 14:00:00,39.5,1008.1,15.0,AWS-MUM-101,Thane,MUM,neighbor,False,
2025-03-23 15:00:00,37.4,1007.8,27.0,AWS-MUM-101,Thane,MUM,neighbor,False,
2025-03-23 16:00:00,35.6,1007.8,29.0,AWS-MUM-101,Thane,MUM,neighbor,False,
2025-03-23 17:00:00,33.9,1008.0,34.0,AWS-MUM-101,Thane,MUM,neighbor,False,
2025-03-23 18:00:00,31.3,1008.9,47.0,AWS-MUM-101,Thane,MUM,neighbor,False,
2025-03-23 19:00:00,29.5,1009.8,58.0,AWS-MUM-101,Thane,MUM,neighbor,False,
2025-03-23 20:00:00,28.6,1011.0,63.0,AWS-MUM-101,Thane,MUM,neighbor,False,
2025-03-23 21:00:00,28.3,1012.0,65.0,AWS-MUM-101,Thane,MUM,neighbor,False,
2025-03-23 22:00:00,28.0,1012.1,65.0,AWS-MUM-101,Thane,MUM,neighbor,False,
2025-03-23 23:00:00,27.0,1012.1,69.0,AWS-MUM-101,Thane,MUM,neighbor,False,
2025-03-24 00:00:00,26.5,1011.7,73.0,AWS-MUM-101,Thane,MUM,neighbor,False,
2025-03-24 01:00:00,25.5,1011.1,80.0,AWS-MUM-101,Thane,MUM,neighbor,False,
2025-03-24 02:00:00,24.6,1010.5,90.0,AWS-MUM-101,Thane,MUM,neighbor,False,
2025-03-24 03:00:00,24.0,1010.1,96.0,AWS-MUM-101,Thane,MUM,neighbor,False,
2025-03-24 04:00:00,23.6,1010.1,99.0,AWS-MUM-101,Thane,MUM,neighbor,False,
2025-03-24 05:00:00,23.3,1010.4,100.0,AWS-MUM-101,Thane,MUM,neighbor,False,
2025-03-24 06:00:00,24.7,1011.4,100.0,AWS-MUM-101,Thane,MUM,neighbor,False,
2025-03-24 07:00:00,25.1,1012.4,98.0,AWS-MUM-101,Thane,MUM,neighbor,False,
2025-03-24 08:00:00,26.3,1013.4,86.0,AWS-MUM-101,Thane,MUM,neighbor,False,
2025-03-24 09:00:00,28.7,1013.7,69.0,AWS-MUM-101,Thane,MUM,neighbor,False,
2025-03-24 10:00:00,32.3,1013.3,50.0,AWS-MUM-101,Thane,MUM,neighbor,False,
2025-03-24 11:00:00,35.5,1012.1,35.0,AWS-MUM-101,Thane,MUM,neighbor,False,
2025-03-24 12:00:00,38.2,1010.5,23.0,AWS-MUM-101,Thane,MUM,neighbor,False,
2025-03-24 13:00:00,40.0,1009.0,14.0,AWS-MUM-101,Thane,MUM,neighbor,False,
2025-03-24 14:00:00,39.5,1007.9,17.0,AWS-MUM-101,Thane,MUM,neighbor,False,
2025-03-24 15:00:00,36.0,1007.3,38.0,AWS-MUM-101,Thane,MUM,neighbor,False,
2025-03-24 16:00:00,34.8,1007.2,35.0,AWS-MUM-101,Thane,MUM,neighbor,False,
2025-03-24 17:00:00,33.0,1007.1,39.0,AWS-MUM-101,Thane,MUM,neighbor,False,
2025-03-24 18:00:00,30.3,1008.0,53.0,AWS-MUM-101,Thane,MUM,neighbor,False,
2025-03-24 19:00:00,28.6,1008.7,66.0,AWS-MUM-101,Thane,MUM,neighbor,False,
2025-03-24 20:00:00,28.0,1010.1,70.0,AWS-MUM-101,Thane,MUM,neighbor,False,
2025-03-24 21:00:00,-6.951436096577524,1011.0,70.0,AWS-MUM-101,Thane,MUM,neighbor,True,spike
2025-03-24 22:00:00,27.3,1011.2,72.0,AWS-MUM-101,Thane,MUM,neighbor,False,
2025-03-24 23:00:00,26.4,1010.5,76.0,AWS-MUM-101,Thane,MUM,neighbor,False,
2025-03-25 00:00:00,25.4,1009.7,82.0,AWS-MUM-101,Thane,MUM,neighbor,False,
2025-03-25 01:00:00,24.6,1008.8,88.0,AWS-MUM-101,Thane,MUM,neighbor,False,
2025-03-25 02:00:00,23.9,1008.1,90.0,AWS-MUM-101,Thane,MUM,neighbor,False,
2025-03-25 03:00:00,23.8,1007.7,87.0,AWS-MUM-101,Thane,MUM,neighbor,False,
2025-03-25 04:00:00,23.3,1007.6,87.0,AWS-MUM-101,Thane,MUM,neighbor,False,
2025-03-25 05:00:00,22.7,1007.9,92.0,AWS-MUM-101,Thane,MUM,neighbor,False,
2025-03-25 06:00:00,22.9,1008.4,91.0,AWS-MUM-101,Thane,MUM,neighbor,False,
2025-03-25 07:00:00,23.8,1009.2,84.0,AWS-MUM-101,Thane,MUM,neighbor,False,
2025-03-25 08:00:00,27.6,1010.1,59.0,AWS-MUM-101,Thane,MUM,neighbor,False,
2025-03-25 09:00:00,31.1,1010.3,0.43490439085168336,AWS-MUM-101,Thane,MUM,neighbor,True,sensor_fail_low
2025-03-25 10:00:00,34.1,1009.9,0.5802910395301087,AWS-MUM-101,Thane,MUM,neighbor,True,sensor_fail_low
2025-03-25 11:00:00,36.6,1009.0,0.5633529474246568,AWS-MUM-101,Thane,MUM,neighbor,True,sensor_fail_low
2025-03-25 12:00:00,37.8,1007.7,28.0,AWS-MUM-101,Thane,MUM,neighbor,False,
2025-03-25 13:00:00,37.6,1006.4,31.0,AWS-MUM-101,Thane,MUM,neighbor,False,
2025-03-25 14:00:00,36.7,1005.5,31.0,AWS-MUM-101,Thane,MUM,neighbor,False,
2025-03-25 15:00:00,35.9,1004.9,30.0,AWS-MUM-101,Thane,MUM,neighbor,False,
2025-03-25 16:00:00,34.8,1004.6,33.0,AWS-MUM-101,Thane,MUM,neighbor,False,
2025-03-25 17:00:00,32.8,1004.8,41.0,AWS-MUM-101,Thane,MUM,neighbor,False,
2025-03-25 18:00:00,30.6,1005.1,52.0,AWS-MUM-101,Thane,MUM,neighbor,False,
2025-03-25 19:00:00,29.0,1006.3,60.0,AWS-MUM-101,Thane,MUM,neighbor,False,
2025-03-25 20:00:00,28.6,1007.4,63.0,AWS-MUM-101,Thane,MUM,neighbor,False,
2025-03-25 21:00:00,28.1,1008.3,65.0,AWS-MUM-101,Thane,MUM,neighbor,False,
2025-03-25 22:00:00,27.6,1008.5,68.0,AWS-MUM-101,Thane,MUM,neighbor,False,
2025-03-25 23:00:00,26.8,1008.0,73.0,AWS-MUM-101,Thane,MUM,neighbor,False,
2025-03-26 00:00:00,25.5,1007.5,80.0,AWS-MUM-101,Thane,MUM,neighbor,False,
2025-03-26 01:00:00,24.9,1007.0,84.0,AWS-MUM-101,Thane,MUM,neighbor,False,
2025-03-26 02:00:00,24.3,1006.3,87.0,AWS-MUM-101,Thane,MUM,neighbor,False,
2025-03-26 03:00:00,23.6,1005.9,92.0,AWS-MUM-101,Thane,MUM,neighbor,False,
2025-03-26 04:00:00,22.9,1006.0,96.0,AWS-MUM-101,Thane,MUM,neighbor,False,
2025-03-26 05:00:00,22.6,1006.3,97.0,AWS-MUM-101,Thane,MUM,neighbor,False,
2025-03-26 06:00:00,23.6,1007.1,100.0,AWS-MUM-101,Thane,MUM,neighbor,False,
2025-03-26 07:00:00,24.2,1007.8,98.0,AWS-MUM-101,Thane,MUM,neighbor,False,
2025-03-26 08:00:00,26.8,1008.7,83.0,AWS-MUM-101,Thane,MUM,neighbor,False,
2025-03-26 09:00:00,29.4,1009.1,66.0,AWS-MUM-101,Thane,MUM,neighbor,False,
2025-03-26 10:00:00,32.1,1009.1,50.0,AWS-MUM-101,Thane,MUM,neighbor,False,
2025-03-26 11:00:00,34.3,1008.5,38.0,AWS-MUM-101,Thane,MUM,neighbor,False,
2025-03-26 12:00:00,35.5,1007.5,32.0,AWS-MUM-101,Thane,MUM,neighbor,False,
2025-03-26 13:00:00,35.4,1006.7,31.0,AWS-MUM-101,Thane,MUM,neighbor,False,
2025-03-26 14:00:00,34.8,1005.8,33.0,AWS-MUM-101,Thane,MUM,neighbor,False,
2025-03-26 15:00:00,34.1,1005.3,34.0,AWS-MUM-101,Thane,MUM,neighbor,False,
2025-03-26 16:00:00,32.9,1005.2,37.0,AWS-MUM-101,Thane,MUM,neighbor,False,
2025-03-26 17:00:00,31.3,1005.5,42.0,AWS-MUM-101,Thane,MUM,neighbor,False,
2025-03-26 18:00:00,29.2,1005.7,53.0,AWS-MUM-101,Thane,MUM,neighbor,False,
2025-03-26 19:00:00,27.9,1006.4,63.0,AWS-MUM-101,Thane,MUM,neighbor,False,
2025-03-26 20:00:00,27.1,1007.4,74.0,AWS-MUM-101,Thane,MUM,neighbor,False,
2025-03-26 21:00:00,26.7,1008.5,76.0,AWS-MUM-101,Thane,MUM,neighbor,False,
2025-03-26 22:00:00,26.4,1009.1,78.0,AWS-MUM-101,Thane,MUM,neighbor,False,
2025-03-26 23:00:00,25.8,1009.3,82.0,AWS-MUM-101,Thane,MUM,neighbor,False,
2025-03-27 00:00:00,25.3,1008.9,86.0,AWS-MUM-101,Thane,MUM,neighbor,False,
2025-03-27 01:00:00,24.7,1008.4,90.0,AWS-MUM-101,Thane,MUM,neighbor,False,
2025-03-27 02:00:00,24.1,1007.8,92.0,AWS-MUM-101,Thane,MUM,neighbor,False,
2025-03-27 03:00:00,23.4,1007.4,98.0,AWS-MUM-101,Thane,MUM,neighbor,False,
2025-03-27 04:00:00,23.0,1007.6,100.0,AWS-MUM-101,Thane,MUM,neighbor,False,
2025-03-27 05:00:00,22.8,1007.9,100.0,AWS-MUM-101,Thane,MUM,neighbor,False,
2025-03-27 06:00:00,23.3,1009.0,99.0,AWS-MUM-101,Thane,MUM,neighbor,False,
2025-03-27 07:00:00,24.0,1009.6,94.0,AWS-MUM-101,Thane,MUM,neighbor,False,
2025-03-27 08:00:00,26.8,1010.3,78.0,AWS-MUM-101,Thane,MUM,neighbor,False,
2025-03-27 09:00:00,28.9,1010.5,64.0,AWS-MUM-101,Thane,MUM,neighbor,False,
2025-03-27 10:00:00,31.0,1010.5,53.0,AWS-MUM-101,Thane,MUM,neighbor,False,
2025-03-27 11:00:00,32.8,1010.0,47.0,AWS-MUM-101,Thane,MUM,neighbor,False,
2025-03-27 12:00:00,33.7,1009.1,43.0,AWS-MUM-101,Thane,MUM,neighbor,False,
2025-03-27 13:00:00,34.1,1008.2,39.0,AWS-MUM-101,Thane,MUM,neighbor,False,
2025-03-27 14:00:00,33.5,1007.4,39.0,AWS-MUM-101,Thane,MUM,neighbor,False,
2025-03-27 15:00:00,32.7,1006.6,43.0,AWS-MUM-101,Thane,MUM,neighbor,False,
2025-03-27 16:00:00,31.8,1006.2,46.0,AWS-MUM-101,Thane,MUM,neighbor,False,
2025-03-27 17:00:00,30.4,1006.2,53.0,AWS-MUM-101,Thane,MUM,neighbor,False,
2025-03-27 18:00:00,28.0,1006.6,66.0,AWS-MUM-101,Thane,MUM,neighbor,False,
2025-03-27 19:00:00,26.8,1007.2,72.0,AWS-MUM-101,Thane,MUM,neighbor,False,
2025-03-27 20:00:00,26.3,1008.0,75.0,AWS-MUM-101,Thane,MUM,neighbor,False,
2025-03-27 21:00:00,25.9,1008.4,77.0,AWS-MUM-101,Thane,MUM,neighbor,False,
2025-03-27 22:00:00,25.5,1008.8,79.0,AWS-MUM-101,Thane,MUM,neighbor,False,
2025-03-27 23:00:00,25.0,1008.9,82.0,AWS-MUM-101,Thane,MUM,neighbor,False,
2025-03-28 00:00:00,24.4,1008.5,86.0,AWS-MUM-101,Thane,MUM,neighbor,False,
2025-03-28 01:00:00,23.9,1008.0,89.0,AWS-MUM-101,Thane,MUM,neighbor,False,
2025-03-28 02:00:00,23.4,1007.3,93.0,AWS-MUM-101,Thane,MUM,neighbor,False,
2025-03-28 03:00:00,22.9,1006.9,96.0,AWS-MUM-101,Thane,MUM,neighbor,False,
2025-03-28 04:00:00,22.6,1007.1,98.0,AWS-MUM-101,Thane,MUM,neighbor,False,
2025-03-28 05:00:00,22.6,1007.6,98.0,AWS-MUM-101,Thane,MUM,neighbor,False,
2025-03-28 06:00:00,22.9,1008.4,96.0,AWS-MUM-101,Thane,MUM,neighbor,False,
2025-03-28 07:00:00,23.6,1008.9,92.0,AWS-MUM-101,Thane,MUM,neighbor,False,
2025-03-28 08:00:00,26.0,1009.7,76.0,AWS-MUM-101,Thane,MUM,neighbor,False,
2025-03-28 09:00:00,28.6,1010.0,63.0,AWS-MUM-101,Thane,MUM,neighbor,False,
2025-03-28 10:00:00,31.7,1009.7,48.0,AWS-MUM-101,Thane,MUM,neighbor,False,
2025-03-28 11:00:00,34.7,1008.8,35.0,AWS-MUM-101,Thane,MUM,neighbor,False,
2025-03-28 12:00:00,37.1,1007.7,26.0,AWS-MUM-101,Thane,MUM,neighbor,False,
2025-03-28 13:00:00,37.5,1006.3,28.0,AWS-MUM-101,Thane,MUM,neighbor,False,
2025-03-28 14:00:00,36.6,1005.1,37.0,AWS-MUM-101,Thane,MUM,neighbor,False,
2025-03-28 15:00:00,63.18441686204012,1004.1,39.0,AWS-MUM-101,Thane,MUM,neighbor,True,spike
2025-03-28 16:00:00,35.6,1003.8,0.20610346818832748,AWS-MUM-101,Thane,MUM,neighbor,True,sensor_fail_low
2025-03-28 17:00:00,34.3,1004.0,0.6261291509616499,AWS-MUM-101,Thane,MUM,neighbor,True,sensor_fail_low
2025-03-28 18:00:00,32.6,1004.5,0.4006746410285803,AWS-MUM-101,Thane,MUM,neighbor,True,sensor_fail_low
2025-03-28 19:00:00,31.4,1005.1,36.0,AWS-MUM-101,Thane,MUM,neighbor,False,
2025-03-28 20:00:00,30.9,1006.1,32.0,AWS-MUM-101,Thane,MUM,neighbor,False,
2025-03-28 21:00:00,30.4,1006.7,30.0,AWS-MUM-101,Thane,MUM,neighbor,False,
2025-03-28 22:00:00,29.9,1007.2,29.0,AWS-MUM-101,Thane,MUM,neighbor,False,
2025-03-28 23:00:00,29.2,1007.3,30.0,AWS-MUM-101,Thane,MUM,neighbor,False,
2025-03-29 00:00:00,28.6,1006.7,30.0,AWS-MUM-101,Thane,MUM,neighbor,False,
2025-03-29 01:00:00,28.0,1006.0,31.0,AWS-MUM-101,Thane,MUM,neighbor,False,
2025-03-29 02:00:00,27.4,1005.3,31.0,AWS-MUM-101,Thane,MUM,neighbor,False,
2025-03-29 03:00:00,26.8,1004.8,31.0,AWS-MUM-101,Thane,MUM,neighbor,False,
2025-03-29 04:00:00,26.3,1004.7,30.0,AWS-MUM-101,Thane,MUM,neighbor,False,
2025-03-29 05:00:00,25.6,1005.0,29.0,AWS-MUM-101,Thane,MUM,neighbor,False,
2025-03-29 06:00:00,24.2,1005.7,38.0,AWS-MUM-101,Thane,MUM,neighbor,False,
2025-03-29 07:00:00,25.1,1006.2,36.0,AWS-MUM-101,Thane,MUM,neighbor,False,
2025-03-29 08:00:00,28.1,1007.2,28.0,AWS-MUM-101,Thane,MUM,neighbor,False,
2025-03-29 09:00:00,31.8,1007.8,19.0,AWS-MUM-101,Thane,MUM,neighbor,False,
2025-03-29 10:00:00,35.2,1007.6,16.0,AWS-MUM-101,Thane,MUM,neighbor,False,
2025-03-29 11:00:00,37.9,1006.8,17.0,AWS-MUM-101,Thane,MUM,neighbor,False,
2025-03-29 12:00:00,39.9,1005.8,16.0,AWS-MUM-101,Thane,MUM,neighbor,False,
2025-03-29 13:00:00,40.8,1004.5,15.0,AWS-MUM-101,Thane,MUM,neighbor,False,
2025-03-29 14:00:00,40.7,1003.6,15.0,AWS-MUM-101,Thane,MUM,neighbor,False,
2025-03-29 15:00:00,39.8,1002.9,17.0,AWS-MUM-101,Thane,MUM,neighbor,False,
2025-03-29 16:00:00,38.4,1002.7,18.0,AWS-MUM-101,Thane,MUM,neighbor,False,
2025-03-29 17:00:00,36.4,1002.9,19.0,AWS-MUM-101,Thane,MUM,neighbor,False,
2025-03-29 18:00:00,33.5,1003.8,27.0,AWS-MUM-101,Thane,MUM,neighbor,False,
2025-03-29 19:00:00,32.4,1004.6,25.0,AWS-MUM-101,Thane,MUM,neighbor,False,
2025-03-29 20:00:00,32.0,1005.9,23.0,AWS-MUM-101,Thane,MUM,neighbor,False,
2025-03-29 21:00:00,31.4,1006.7,23.0,AWS-MUM-101,Thane,MUM,neighbor,False,
2025-03-29 22:00:00,31.1,1007.0,23.0,AWS-MUM-101,Thane,MUM,neighbor,False,
2025-03-29 23:00:00,30.3,1007.0,26.0,AWS-MUM-101,Thane,MUM,neighbor,False,
2025-03-30 00:00:00,29.5,1006.5,27.0,AWS-MUM-101,Thane,MUM,neighbor,False,
2025-03-30 01:00:00,28.7,1006.0,29.0,AWS-MUM-101,Thane,MUM,neighbor,False,
2025-03-30 02:00:00,27.4,1005.3,38.0,AWS-MUM-101,Thane,MUM,neighbor,False,
2025-03-30 03:00:00,26.7,1004.8,43.0,AWS-MUM-101,Thane,MUM,neighbor,False,
2025-03-30 04:00:00,26.3,1004.9,49.0,AWS-MUM-101,Thane,MUM,neighbor,False,
2025-03-30 05:00:00,25.2,1005.4,57.0,AWS-MUM-101,Thane,MUM,neighbor,False,
2025-03-30 06:00:00,25.0,1006.3,57.0,AWS-MUM-101,Thane,MUM,neighbor,False,
2025-03-30 07:00:00,25.4,1007.1,56.0,AWS-MUM-101,Thane,MUM,neighbor,False,
2025-03-30 08:00:00,28.6,1008.1,36.0,AWS-MUM-101,Thane,MUM,neighbor,False,
2025-03-30 09:00:00,30.5,1008.4,30.0,AWS-MUM-101,Thane,MUM,neighbor,False,
2025-03-30 10:00:00,33.6,1008.1,24.0,AWS-MUM-101,Thane,MUM,neighbor,False,
2025-03-30 11:00:00,37.6,1007.3,17.0,AWS-MUM-101,Thane,MUM,neighbor,False,
2025-03-30 12:00:00,40.7,1006.3,13.0,AWS-MUM-101,Thane,MUM,neighbor,False,
2025-03-30 13:00:00,42.4,1004.8,12.0,AWS-MUM-101,Thane,MUM,neighbor,False,
2025-03-30 14:00:00,42.1,1003.9,14.0,AWS-MUM-101,Thane,MUM,neighbor,False,
2025-03-30 15:00:00,39.9,1003.2,17.0,AWS-MUM-101,Thane,MUM,neighbor,False,
2025-03-30 16:00:00,38.3,1002.8,17.0,AWS-MUM-101,Thane,MUM,neighbor,False,
2025-03-30 17:00:00,37.3,1003.0,17.0,AWS-MUM-101,Thane,MUM,neighbor,False,
2025-03-30 18:00:00,35.3,1004.0,18.0,AWS-MUM-101,Thane,MUM,neighbor,False,
2025-03-30 19:00:00,34.5,1004.9,17.0,AWS-MUM-101,Thane,MUM,neighbor,False,
2025-03-30 20:00:00,33.8,1006.0,17.0,AWS-MUM-101,Thane,MUM,neighbor,False,
2025-03-30 21:00:00,33.2,1007.4,17.0,AWS-MUM-101,Thane,MUM,neighbor,False,
2025-03-30 22:00:00,32.0,1008.0,21.0,AWS-MUM-101,Thane,MUM,neighbor,False,
2025-03-30 23:00:00,30.6,1008.1,22.0,AWS-MUM-101,Thane,MUM,neighbor,False,
2025-03-31 00:00:00,29.9,1007.5,26.0,AWS-MUM-101,Thane,MUM,neighbor,False,
2025-03-31 01:00:00,28.7,1007.1,43.0,AWS-MUM-101,Thane,MUM,neighbor,False,
2025-03-31 02:00:00,28.0,1006.3,53.0,AWS-MUM-101,Thane,MUM,neighbor,False,
2025-03-31 03:00:00,27.7,1005.8,55.0,AWS-MUM-101,Thane,MUM,neighbor,False,
2025-03-31 04:00:00,26.8,1005.9,57.0,AWS-MUM-101,Thane,MUM,neighbor,False,
2025-03-31 05:00:00,26.0,1006.4,61.0,AWS-MUM-101,Thane,MUM,neighbor,False,
2025-03-31 06:00:00,25.7,1007.0,72.0,AWS-MUM-101,Thane,MUM,neighbor,False,
2025-03-31 07:00:00,26.1,1007.4,72.0,AWS-MUM-101,Thane,MUM,neighbor,False,
2025-03-31 08:00:00,29.1,1008.1,56.0,AWS-MUM-101,Thane,MUM,neighbor,False,
2025-03-31 09:00:00,32.0,1008.4,44.0,AWS-MUM-101,Thane,MUM,neighbor,False,
2025-03-31 10:00:00,35.2,1008.2,31.0,AWS-MUM-101,Thane,MUM,neighbor,False,
2025-03-31 11:00:00,38.3,1007.5,23.0,AWS-MUM-101,Thane,MUM,neighbor,False,
2025-03-31 12:00:00,40.4,1006.6,18.0,AWS-MUM-101,Thane,MUM,neighbor,False,
2025-03-31 13:00:00,41.2,1005.2,17.0,AWS-MUM-101,Thane,MUM,neighbor,False,
2025-03-31 14:00:00,41.4,1004.4,16.0,AWS-MUM-101,Thane,MUM,neighbor,False,
2025-03-31 15:00:00,41.1,1003.5,14.0,AWS-MUM-101,Thane,MUM,neighbor,False,
2025-03-31 16:00:00,39.3,1003.2,16.0,AWS-MUM-101,Thane,MUM,neighbor,False,
2025-03-31 17:00:00,38.0,1003.2,16.0,AWS-MUM-101,Thane,MUM,neighbor,False,
2025-03-31 18:00:00,35.4,1004.1,18.0,AWS-MUM-101,Thane,MUM,neighbor,False,
2025-03-31 19:00:00,34.1,1004.9,20.0,AWS-MUM-101,Thane,MUM,neighbor,False,
2025-03-31 20:00:00,33.8,1005.8,16.0,AWS-MUM-101,Thane,MUM,neighbor,False,
2025-03-31 21:00:00,32.9,1006.5,18.0,AWS-MUM-101,Thane,MUM,neighbor,False,
2025-03-31 22:00:00,32.4,1007.1,17.0,AWS-MUM-101,Thane,MUM,neighbor,False,
2025-03-31 23:00:00,30.9,1006.9,25.0,AWS-MUM-101,Thane,MUM,neighbor,False,
